Date,Session,Source row,Case,Original family or pilot Task IDs,Analytical activity,Activity confidence,Purchasing stage,Stage confidence,Scope,Quality,Included exact minutes,Recorded exact activity minutes,Timing status,Start as recorded,End as recorded,Volume as recorded,INT as recorded,DEC as recorded,Source note,Combined components,Current Task IDs,Register status and confidence,Assignment reason,Existing enrichment rationale,Stage correction on 21 Sep,Actor,Original label type,Original pilot status,Original time field,Original volume INT field,Original recorded eligible text,Source reference,Source file,Source URL,Source commit,Framework version,Raw row verbatim,Raw fields JSON
2026-08-28,Pilot,1,OBS-01/09,8–9,"Assess demand, consolidate and decide order timing",P,Ordering,C,INCLUDE,VALID,5,5,Exact recorded interval,09:36,09:41,2L,1,,New article. Whether demand was actually combined (Task 10) was not recorded. Same case continues at 10:49.,,7;8,Mapped / P,MAX search and assessment are supported; translated Tasks 7–8 remain provisional. No actual addition or hold/proceed outcome is inferred.,Translate source pre-31-August Tasks 8–9 to current Tasks 7–8. Maximalisatie supports ordering; actual consolidation (old Task 10/current Task 9) was not recorded. Preserve the merged OBS-01/09 case identity.,,Arno,historical_task_id,P,09:36–09:41,"2L, INT 1",5 / 5,1: OBS-01/09; 09:36–09:41,docs/measurement/Pilot_Measure_Observation_2026-08-28.md,https://github.com/Luuuuuig/Bachelor-End-Project/blob/7ec78e840589c711c73055cf6215e3f90040ff8a/docs/measurement/Pilot_Measure_Observation_2026-08-28.md,7ec78e840589c711c73055cf6215e3f90040ff8a,2026-09-21,"| OBS-01/09                                                         | 09:36–09:41 | 5   | 8–9             | P     | Maximalisatie                                           | 2L, INT 1      | New article. Whether demand was actually combined (Task 10) was not recorded. Same case continues at 10:49.                                                                                                                                                                           |","{""Case"": ""OBS-01/09"", ""Time"": ""09:36–09:41"", ""Min"": ""5"", ""Task ID"": ""8–9"", ""Status"": ""P"", ""Activity"": ""Maximalisatie"", ""Vol / INT"": ""2L, INT 1"", ""Observation note"": ""New article. Whether demand was actually combined (Task 10) was not recorded. Same case continues at 10:49.""}"
2026-08-28,Pilot,2,OBS-02,1 + **U**,Unresolved activity,?,Unresolved stage,?,REVIEW_SCOPE,VALID,,9,Exact recorded interval,09:41,09:50,,0,,"Request at the desk. Arnold compared collecting the goods with Hytech's own transport versus delivery by RC, including the cost of each option. **No register task covers a delivery-method/logistics-cost comparison.**",,1,Mixed / P,One interval combines purchasing-request intake of unresolved stage with a logistics-option comparison. Neither part supports a stage-specific catalog label; preserve the existing mixed-scope review and do not divide minutes.,"The single nine-minute interval combines purchasing-request intake with comparing collection and supplier-delivery costs. Task 1 covers intake only; logistics comparison is unregistered and excluded in scope, but no boundary permits separating its minutes. Do not split or label the whole interval as eligible intake.",,Arno,historical_task_id,U,09:41–09:50,INT 0,9 / n/a,2: OBS-02; 09:41–09:50,docs/measurement/Pilot_Measure_Observation_2026-08-28.md,https://github.com/Luuuuuig/Bachelor-End-Project/blob/7ec78e840589c711c73055cf6215e3f90040ff8a/docs/measurement/Pilot_Measure_Observation_2026-08-28.md,7ec78e840589c711c73055cf6215e3f90040ff8a,2026-09-21,"| OBS-02                                                            | 09:41–09:50 | 9   | 1 + **U**       | U     | Desk purchasing request + delivery-option comparison    | INT 0          | Request at the desk. Arnold compared collecting the goods with Hytech's own transport versus delivery by RC, including the cost of each option. **No register task covers a delivery-method/logistics-cost comparison.**                                                              |","{""Case"": ""OBS-02"", ""Time"": ""09:41–09:50"", ""Min"": ""9"", ""Task ID"": ""1 + **U**"", ""Status"": ""U"", ""Activity"": ""Desk purchasing request + delivery-option comparison"", ""Vol / INT"": ""INT 0"", ""Observation note"": ""Request at the desk. Arnold compared collecting the goods with Hytech's own transport versus delivery by RC, including the cost of each option. **No register task covers a delivery-method/logistics-cost comparison.**""}"
2026-08-28,Pilot,3,OBS-03,1,Unresolved activity,?,Unresolved stage,?,INCLUDE,VALID,6,6,Exact recorded interval,09:50,09:56,4 items,1,,Request for four items received by phone. Outcome/decision recorded on the sheet could not be reliably recalled afterward.,,1,Mapped / P,"The four-item phone request is recorded, but requirement definition versus execution of a defined request is unresolved. Keep the existing UNKNOWN stage and unrecalled outcome.","A phone purchasing request for four items is explicit, supporting probable Task 1 intake. The note does not establish whether requirements were still being defined or a defined order was being prepared. Keep six included minutes with unresolved stage; the unrecalled outcome does not justify inventing a decision or PO creation.",,Arno,historical_task_id,P,09:50–09:56,"4 items, INT 1",6 / 6,3: OBS-03; 09:50–09:56,docs/measurement/Pilot_Measure_Observation_2026-08-28.md,https://github.com/Luuuuuig/Bachelor-End-Project/blob/7ec78e840589c711c73055cf6215e3f90040ff8a/docs/measurement/Pilot_Measure_Observation_2026-08-28.md,7ec78e840589c711c73055cf6215e3f90040ff8a,2026-09-21,"| OBS-03                                                            | 09:50–09:56 | 6   | 1               | P     | Phone purchasing request                                | 4 items, INT 1 | Request for four items received by phone. Outcome/decision recorded on the sheet could not be reliably recalled afterward.                                                                                                                                                            |","{""Case"": ""OBS-03"", ""Time"": ""09:50–09:56"", ""Min"": ""6"", ""Task ID"": ""1"", ""Status"": ""P"", ""Activity"": ""Phone purchasing request"", ""Vol / INT"": ""4 items, INT 1"", ""Observation note"": ""Request for four items received by phone. Outcome/decision recorded on the sheet could not be reliably recalled afterward.""}"
2026-08-28,Pilot,4,OBS-04,1 + 23?,Unresolved activity,?,Unresolved stage,?,REVIEW_SCOPE,VALID,,6,Exact recorded interval,09:56,10:02,,0,,"Separate call about a different PO. Raw notes indicate the request had to be forwarded, and that forwarding occurred twice. Whether this is Task 23 or forwarding of a request is unconfirmed.",,unassigned,Unresolved / ?,The call and two forwarding actions do not identify either a defined purchasing request or supplier-facing PO communication. Existing-order aftercare versus request handling remains unresolved.,"A call about a different PO and two forwarding actions are recorded, but neither a new purchasing need nor supplier-PO forwarding is established. Preserve original Tasks 1 + 23? without imposing those tasks on the derived classification; request handling versus existing-order aftercare remains unresolved.",,Arno,historical_task_id,P,09:56–10:02,INT 0,6 / n/a,4: OBS-04; 09:56–10:02,docs/measurement/Pilot_Measure_Observation_2026-08-28.md,https://github.com/Luuuuuig/Bachelor-End-Project/blob/7ec78e840589c711c73055cf6215e3f90040ff8a/docs/measurement/Pilot_Measure_Observation_2026-08-28.md,7ec78e840589c711c73055cf6215e3f90040ff8a,2026-09-21,"| OBS-04                                                            | 09:56–10:02 | 6   | 1 + 23?         | P     | Phone request concerning another PO                     | INT 0          | Separate call about a different PO. Raw notes indicate the request had to be forwarded, and that forwarding occurred twice. Whether this is Task 23 or forwarding of a request is unconfirmed.                                                                                        |","{""Case"": ""OBS-04"", ""Time"": ""09:56–10:02"", ""Min"": ""6"", ""Task ID"": ""1 + 23?"", ""Status"": ""P"", ""Activity"": ""Phone request concerning another PO"", ""Vol / INT"": ""INT 0"", ""Observation note"": ""Separate call about a different PO. Raw notes indicate the request had to be forwarded, and that forwarding occurred twice. Whether this is Task 23 or forwarding of a request is unconfirmed.""}"
2026-08-28,Pilot,5,—,—,Not an observed activity,C,Not applicable,C,NOT_OBSERVATION,NOT_OBSERVATION,,,Not observed activity,10:02,10:35,,,,—,,unassigned,Unresolved / ?,This row records the break. It is not buyer activity and remains outside activity and workload totals.,"Recorded interval is the 33-minute break, not buyer work. Its interval length is audit context only and must be excluded from recorded-work, eligible-work and stage totals.",,Arno,historical_task_id,—,10:02–10:35,—,33 / n/a,5: —; 10:02–10:35,docs/measurement/Pilot_Measure_Observation_2026-08-28.md,https://github.com/Luuuuuig/Bachelor-End-Project/blob/7ec78e840589c711c73055cf6215e3f90040ff8a/docs/measurement/Pilot_Measure_Observation_2026-08-28.md,7ec78e840589c711c73055cf6215e3f90040ff8a,2026-09-21,| —                                                                 | 10:02–10:35 | —   | —               | —     | **Break**                                               | —              | —                                                                                                                                                                                                                                                                                     |,"{""Case"": ""—"", ""Time"": ""10:02–10:35"", ""Min"": ""—"", ""Task ID"": ""—"", ""Status"": ""—"", ""Activity"": ""**Break**"", ""Vol / INT"": ""—"", ""Observation note"": ""—""}"
2026-08-28,Pilot,6,OBS-05,26,Check and process supplier confirmations,C,Monitoring,C,INCLUDE,VALID,4,4,Exact recorded interval,10:35,10:39,3L,0,,"Post-confirmation price control. No deviation correction recorded, so Task 27 is not coded.",,26,Mapped / C,Explicit supplier-confirmation comparison with PO/Exact. No deviation correction is inferred.,"Explicit comparison of supplier confirmation with PO/Exact is routine post-order confirmation monitoring. No deviation correction was recorded, so Task 27 is not added.",,Arno,historical_task_id,C,10:35–10:39,"3L, INT 0",4 / 4,6: OBS-05; 10:35–10:39,docs/measurement/Pilot_Measure_Observation_2026-08-28.md,https://github.com/Luuuuuig/Bachelor-End-Project/blob/7ec78e840589c711c73055cf6215e3f90040ff8a/docs/measurement/Pilot_Measure_Observation_2026-08-28.md,7ec78e840589c711c73055cf6215e3f90040ff8a,2026-09-21,"| OBS-05                                                            | 10:35–10:39 | 4   | 26              | C     | Compare supplier confirmation with PO / Exact           | 3L, INT 0      | Post-confirmation price control. No deviation correction recorded, so Task 27 is not coded.                                                                                                                                                                                           |","{""Case"": ""OBS-05"", ""Time"": ""10:35–10:39"", ""Min"": ""4"", ""Task ID"": ""26"", ""Status"": ""C"", ""Activity"": ""Compare supplier confirmation with PO / Exact"", ""Vol / INT"": ""3L, INT 0"", ""Observation note"": ""Post-confirmation price control. No deviation correction recorded, so Task 27 is not coded.""}"
2026-08-28,Pilot,7,OBS-05,28,Check and process supplier confirmations,C,Monitoring,C,INCLUDE,VALID,1,1,Exact recorded interval,10:39,10:40,3L,0,,Completed the confirmation handling for the same case.,,28,Mapped / C,Explicit confirmation attachment and Bevestigd update are confirmation processing; this broad activity does not require comparison to occur in the same row.,Explicit confirmation attachment and Bevestigd update complete routine confirmation processing. This is not a supplier-forwarding action.,,Arno,historical_task_id,C,10:39–10:40,"3L, INT 0",1 / 1,7: OBS-05; 10:39–10:40,docs/measurement/Pilot_Measure_Observation_2026-08-28.md,https://github.com/Luuuuuig/Bachelor-End-Project/blob/7ec78e840589c711c73055cf6215e3f90040ff8a/docs/measurement/Pilot_Measure_Observation_2026-08-28.md,7ec78e840589c711c73055cf6215e3f90040ff8a,2026-09-21,"| OBS-05                                                            | 10:39–10:40 | 1   | 28              | C     | Attach confirmation and set `Bevestigd`                 | 3L, INT 0      | Completed the confirmation handling for the same case.                                                                                                                                                                                                                                |","{""Case"": ""OBS-05"", ""Time"": ""10:39–10:40"", ""Min"": ""1"", ""Task ID"": ""28"", ""Status"": ""C"", ""Activity"": ""Attach confirmation and set `Bevestigd`"", ""Vol / INT"": ""3L, INT 0"", ""Observation note"": ""Completed the confirmation handling for the same case.""}"
2026-08-28,Pilot,8,OBS-06,4 + **U**,Establish or clarify purchasing requirements,C,Specification,C,INCLUDE,VALID,4,4,Exact recorded interval,10:40,10:44,4L,0,,Arnold contacted the requesting colleague to establish whether a complete set of tang was wanted or only the tang. Work paused awaiting the reply. Task 4 is TALLY-only and does not represent four minutes of active clarification work.,,4,Mixed / C,The requester is asked whether a complete set or only the tang is required. Validation and active clarification both serve the same requirement-establishment activity; no internal minute split.,"Clarification establishes whether the requester needs a complete set or only the tang, directly resolving what must be purchased. The source covers validation under Task 4 but explicitly identifies active requester clarification as unregistered; do not equate all four minutes with Task 4 or invent a split.",,Arno,historical_task_id,U,10:40–10:44,"4L, INT 0",4 / 4,8: OBS-06; 10:40–10:44,docs/measurement/Pilot_Measure_Observation_2026-08-28.md,https://github.com/Luuuuuig/Bachelor-End-Project/blob/7ec78e840589c711c73055cf6215e3f90040ff8a/docs/measurement/Pilot_Measure_Observation_2026-08-28.md,7ec78e840589c711c73055cf6215e3f90040ff8a,2026-09-21,"| OBS-06                                                            | 10:40–10:44 | 4   | 4 + **U**       | U     | Incoming email request unclear → clarify with requester | 4L, INT 0      | Arnold contacted the requesting colleague to establish whether a complete set of tang was wanted or only the tang. Work paused awaiting the reply. Task 4 is TALLY-only and does not represent four minutes of active clarification work.                                             |","{""Case"": ""OBS-06"", ""Time"": ""10:40–10:44"", ""Min"": ""4"", ""Task ID"": ""4 + **U**"", ""Status"": ""U"", ""Activity"": ""Incoming email request unclear → clarify with requester"", ""Vol / INT"": ""4L, INT 0"", ""Observation note"": ""Arnold contacted the requesting colleague to establish whether a complete set of tang was wanted or only the tang. Work paused awaiting the reply. Task 4 is TALLY-only and does not represent four minutes of active clarification work.""}"
2026-08-28,Pilot,9,OBS-07,26,Check and process supplier confirmations,C,Monitoring,C,INCLUDE,VALID,4,4,Exact recorded interval,10:44,10:48,3L,0,,Second post-confirmation price control episode of the session.,,26,Mapped / C,Explicit post-confirmation comparison is supplier-confirmation processing. No correction or archive step is added.,Explicit post-confirmation comparison supports Task 26 and routine monitoring. No correction or archiving action is inferred.,,Arno,historical_task_id,C,10:44–10:48,"3L, INT 0",4 / 4,9: OBS-07; 10:44–10:48,docs/measurement/Pilot_Measure_Observation_2026-08-28.md,https://github.com/Luuuuuig/Bachelor-End-Project/blob/7ec78e840589c711c73055cf6215e3f90040ff8a/docs/measurement/Pilot_Measure_Observation_2026-08-28.md,7ec78e840589c711c73055cf6215e3f90040ff8a,2026-09-21,"| OBS-07                                                            | 10:44–10:48 | 4   | 26              | C     | Compare supplier confirmation with PO / Exact           | 3L, INT 0      | Second post-confirmation price control episode of the session.                                                                                                                                                                                                                        |","{""Case"": ""OBS-07"", ""Time"": ""10:44–10:48"", ""Min"": ""4"", ""Task ID"": ""26"", ""Status"": ""C"", ""Activity"": ""Compare supplier confirmation with PO / Exact"", ""Vol / INT"": ""3L, INT 0"", ""Observation note"": ""Second post-confirmation price control episode of the session.""}"
2026-08-28,Pilot,10,OBS-08,—,Unresolved activity,?,Unresolved stage,?,REVIEW_SCOPE,UNCERTAIN,,1,Exact recorded interval,10:48,10:49,,0,,Could not be recalled confidently. Retained as uncertain rather than reconstructed.,,unassigned,Unresolved / ?,Even the purported checking/email action was not reliably recalled. No catalog activity is reconstructed.,"The activity could not be recalled reliably; even email checking is tentative. Preserve the one-minute interval but hold it out of analysis without reconstructing its task, stage or scope.",,Arno,historical_task_id,?,10:48–10:49,INT 0,1 / n/a,10: OBS-08; 10:48–10:49,docs/measurement/Pilot_Measure_Observation_2026-08-28.md,https://github.com/Luuuuuig/Bachelor-End-Project/blob/7ec78e840589c711c73055cf6215e3f90040ff8a/docs/measurement/Pilot_Measure_Observation_2026-08-28.md,7ec78e840589c711c73055cf6215e3f90040ff8a,2026-09-21,| OBS-08                                                            | 10:48–10:49 | 1   | —               | ?     | Checking (possibly email)                               | INT 0          | Could not be recalled confidently. Retained as uncertain rather than reconstructed.                                                                                                                                                                                                   |,"{""Case"": ""OBS-08"", ""Time"": ""10:48–10:49"", ""Min"": ""1"", ""Task ID"": ""—"", ""Status"": ""?"", ""Activity"": ""Checking (possibly email)"", ""Vol / INT"": ""INT 0"", ""Observation note"": ""Could not be recalled confidently. Retained as uncertain rather than reconstructed.""}"
2026-08-28,Pilot,11,OBS-01/09,1,Receive and complete a defined purchasing request,P,Ordering,P,INCLUDE,VALID,4,4,Exact recorded interval,10:49,10:53,,0,,Same case as OBS-01. Read and processed the incoming email request.,,1,Mapped / P,"Processing the incoming request probably serves the established ordering case, supported by its linked MAX, entry and forwarding episodes. Preserve provisional confidence.","Incoming email request is processed in the same OBS-01/09 case that contains MAX, purchasing-entry creation and later PO forwarding. Ordering intake is probable from this case context; retain source Task 1 confidence as provisional.",,Arno,historical_task_id,P,10:49–10:53,INT 0,4 / 4,11: OBS-01/09; 10:49–10:53,docs/measurement/Pilot_Measure_Observation_2026-08-28.md,https://github.com/Luuuuuig/Bachelor-End-Project/blob/7ec78e840589c711c73055cf6215e3f90040ff8a/docs/measurement/Pilot_Measure_Observation_2026-08-28.md,7ec78e840589c711c73055cf6215e3f90040ff8a,2026-09-21,| OBS-01/09                                                         | 10:49–10:53 | 4   | 1               | P     | Process incoming email request                          | INT 0          | Same case as OBS-01. Read and processed the incoming email request.                                                                                                                                                                                                                   |,"{""Case"": ""OBS-01/09"", ""Time"": ""10:49–10:53"", ""Min"": ""4"", ""Task ID"": ""1"", ""Status"": ""P"", ""Activity"": ""Process incoming email request"", ""Vol / INT"": ""INT 0"", ""Observation note"": ""Same case as OBS-01. Read and processed the incoming email request.""}"
2026-08-28,Pilot,12,OBS-01/09,2–3,"Prepare, amend or release a purchase order",C,Ordering,C,INCLUDE,VALID,2,2,Exact recorded interval,10:53,10:55,,0,,Transferred the email request into Exact as a purchasing entry.,,2;3,Mapped / C,Transfer of request information into Exact and creation of a purchasing entry both fall within purchase-order preparation. Tasks 2–3 do not create separate analytical activities.,The email request is explicitly transferred into Exact as a purchasing entry. Keep the combined two-minute episode once under Tasks 2–3; no task-level duration split.,,Arno,historical_task_id,C,10:53–10:55,INT 0,2 / 2,12: OBS-01/09; 10:53–10:55,docs/measurement/Pilot_Measure_Observation_2026-08-28.md,https://github.com/Luuuuuig/Bachelor-End-Project/blob/7ec78e840589c711c73055cf6215e3f90040ff8a/docs/measurement/Pilot_Measure_Observation_2026-08-28.md,7ec78e840589c711c73055cf6215e3f90040ff8a,2026-09-21,| OBS-01/09                                                         | 10:53–10:55 | 2   | 2–3             | C     | Enter request information into Exact                    | INT 0          | Transferred the email request into Exact as a purchasing entry.                                                                                                                                                                                                                       |,"{""Case"": ""OBS-01/09"", ""Time"": ""10:53–10:55"", ""Min"": ""2"", ""Task ID"": ""2–3"", ""Status"": ""C"", ""Activity"": ""Enter request information into Exact"", ""Vol / INT"": ""INT 0"", ""Observation note"": ""Transferred the email request into Exact as a purchasing entry.""}"
2026-08-28,Pilot,13,OBS-10,17?,"Prepare, amend or release a purchase order",P,Ordering,C,INCLUDE,APPROXIMATE,,,Approximate; see source,\~10:55,,,1,,Started on a different PO and was interrupted by an incoming email.,,17,Mapped / P,Starting another PO supports probable order preparation. The approximately one-minute duration remains approximate and does not become exact eligible time.,"Starting another PO supports ordering and probable Task 17. Source timing and duration are approximate (~10:55, ~1 minute); store one approximate minute separately and do not include it in exact eligible-minute totals.",,Arno,historical_task_id,P,\~10:55,INT 1,n/a / n/a,13: OBS-10; \~10:55,docs/measurement/Pilot_Measure_Observation_2026-08-28.md,https://github.com/Luuuuuig/Bachelor-End-Project/blob/7ec78e840589c711c73055cf6215e3f90040ff8a/docs/measurement/Pilot_Measure_Observation_2026-08-28.md,7ec78e840589c711c73055cf6215e3f90040ff8a,2026-09-21,| OBS-10                                                            | \~10:55     | \~1 | 17?             | P     | Open / start work on another PO                         | INT 1          | Started on a different PO and was interrupted by an incoming email.                                                                                                                                                                                                                   |,"{""Case"": ""OBS-10"", ""Time"": ""\\~10:55"", ""Min"": ""\\~1"", ""Task ID"": ""17?"", ""Status"": ""P"", ""Activity"": ""Open / start work on another PO"", ""Vol / INT"": ""INT 1"", ""Observation note"": ""Started on a different PO and was interrupted by an incoming email.""}"
2026-08-28,Pilot,14,OBS-11,1?,Unresolved activity,?,Unresolved stage,?,REVIEW_SCOPE,VALID,,3,Exact recorded interval,10:56,10:59,,0,,Handled the email that interrupted OBS-10. Exact nature not specified.,,unassigned,Unresolved / ?,"The interrupting email was handled, but its content is unspecified. Generic email handling does not establish explicit information retrieval or a defined purchasing request.","Handling the interrupting email is recorded for three minutes, but its nature is explicitly unspecified. Email handling alone does not establish a purchasing need, Task 1, stage or eligibility.",,Arno,historical_task_id,P,10:56–10:59,INT 0,3 / n/a,14: OBS-11; 10:56–10:59,docs/measurement/Pilot_Measure_Observation_2026-08-28.md,https://github.com/Luuuuuig/Bachelor-End-Project/blob/7ec78e840589c711c73055cf6215e3f90040ff8a/docs/measurement/Pilot_Measure_Observation_2026-08-28.md,7ec78e840589c711c73055cf6215e3f90040ff8a,2026-09-21,| OBS-11                                                            | 10:56–10:59 | 3   | 1?              | P     | Process the interrupting email                          | INT 0          | Handled the email that interrupted OBS-10. Exact nature not specified.                                                                                                                                                                                                                |,"{""Case"": ""OBS-11"", ""Time"": ""10:56–10:59"", ""Min"": ""3"", ""Task ID"": ""1?"", ""Status"": ""P"", ""Activity"": ""Process the interrupting email"", ""Vol / INT"": ""INT 0"", ""Observation note"": ""Handled the email that interrupted OBS-10. Exact nature not specified.""}"
2026-08-28,Pilot,15,OBS-01/09,23,Send the purchase order to the supplier,C,Ordering,C,INCLUDE,APPROXIMATE,,,Approximate; see source,\~10:59,,,0,,Returned to the earlier case and forwarded the PO.,,23,Mapped / C,Supplier-facing PO forwarding is explicit. Preserve the approximately one-minute duration separately from exact timing.,Explicit supplier-PO forwarding belongs to the existing OBS-01/09 case. Source gives approximately one minute only; preserve separately from exact eligible-minute totals.,,Arno,historical_task_id,C,\~10:59,INT 0,n/a / n/a,15: OBS-01/09; \~10:59,docs/measurement/Pilot_Measure_Observation_2026-08-28.md,https://github.com/Luuuuuig/Bachelor-End-Project/blob/7ec78e840589c711c73055cf6215e3f90040ff8a/docs/measurement/Pilot_Measure_Observation_2026-08-28.md,7ec78e840589c711c73055cf6215e3f90040ff8a,2026-09-21,| OBS-01/09                                                         | \~10:59     | \~1 | 23              | C     | Forward PO to supplier                                  | INT 0          | Returned to the earlier case and forwarded the PO.                                                                                                                                                                                                                                    |,"{""Case"": ""OBS-01/09"", ""Time"": ""\\~10:59"", ""Min"": ""\\~1"", ""Task ID"": ""23"", ""Status"": ""C"", ""Activity"": ""Forward PO to supplier"", ""Vol / INT"": ""INT 0"", ""Observation note"": ""Returned to the earlier case and forwarded the PO.""}"
2026-08-28,Pilot,16,Other PO,—,Unresolved activity,?,Unresolved stage,?,REVIEW_SCOPE,VALID,,,Untimed,\~11:00,,,,,Concerns a PO whose earlier processing lies outside the observation horizon. Excluded from case-level analysis.,,unassigned,Unresolved / ?,"The Sales call concerns a PO, but its subject is unknown. No specific purchasing activity or duration is inferred from surrounding timestamps.",Call to Sales concerns a PO whose earlier processing was outside the observation horizon; its purpose is unspecified and no duration is recorded. Preserve this untimed occurrence and the source exclusion from case-level analysis without inventing three minutes from the surrounding clock gap.,,Arno,historical_task_id,**U**,\~11:00,—,n/a / n/a,16: Other PO; \~11:00,docs/measurement/Pilot_Measure_Observation_2026-08-28.md,https://github.com/Luuuuuig/Bachelor-End-Project/blob/7ec78e840589c711c73055cf6215e3f90040ff8a/docs/measurement/Pilot_Measure_Observation_2026-08-28.md,7ec78e840589c711c73055cf6215e3f90040ff8a,2026-09-21,| Other PO                                                          | \~11:00     | —   | —               | **U** | Call to Sales department                                | —              | Concerns a PO whose earlier processing lies outside the observation horizon. Excluded from case-level analysis.                                                                                                                                                                       |,"{""Case"": ""Other PO"", ""Time"": ""\\~11:00"", ""Min"": ""—"", ""Task ID"": ""—"", ""Status"": ""**U**"", ""Activity"": ""Call to Sales department"", ""Vol / INT"": ""—"", ""Observation note"": ""Concerns a PO whose earlier processing lies outside the observation horizon. Excluded from case-level analysis.""}"
2026-08-28,Pilot,17,OBS-12,1?,Unresolved activity,?,Unresolved stage,?,INCLUDE,VALID,3,3,Exact recorded interval,11:03,11:06,,0,,Read through and organized the incoming request information.,,1,Mapped / P,"Reading and organizing request information is known, but the requirement and transaction purpose are absent. Do not force either requirement establishment or defined-request completion.","Reading and organizing incoming purchasing-request information supports probable intake coverage. The requirement content and transaction purpose are not given, so the stage remains UNKNOWN rather than automatically specification or ordering; eligible observed time remains usable.",,Arno,historical_task_id,P,11:03–11:06,INT 0,3 / 3,17: OBS-12; 11:03–11:06,docs/measurement/Pilot_Measure_Observation_2026-08-28.md,https://github.com/Luuuuuig/Bachelor-End-Project/blob/7ec78e840589c711c73055cf6215e3f90040ff8a/docs/measurement/Pilot_Measure_Observation_2026-08-28.md,7ec78e840589c711c73055cf6215e3f90040ff8a,2026-09-21,| OBS-12                                                            | 11:03–11:06 | 3   | 1?              | P     | Process email request                                   | INT 0          | Read through and organized the incoming request information.                                                                                                                                                                                                                          |,"{""Case"": ""OBS-12"", ""Time"": ""11:03–11:06"", ""Min"": ""3"", ""Task ID"": ""1?"", ""Status"": ""P"", ""Activity"": ""Process email request"", ""Vol / INT"": ""INT 0"", ""Observation note"": ""Read through and organized the incoming request information.""}"
2026-08-28,Pilot,18,OBS-13,—,Unresolved activity,?,Unresolved stage,?,EXCLUDE_AFTERCARE,VALID,,3,Exact recorded interval,11:06,11:09,,0,,Aftercare on an existing PO following a colleague's question. **No register task covers colleague-initiated PO aftercare.**,,unassigned,U / C,"Colleague-initiated PO aftercare is explicit, but no status-tracing, delivery or post-receipt discrepancy purpose is given. Preserve the aftercare exclusion and unresolved activity.",Colleague-initiated existing-PO aftercare is explicit and unregistered. Exclude by documented purpose despite the absence of a seven-family EXC code; aftercare alone does not establish whether the transaction is at monitoring or post-delivery follow-up.,,Arno,historical_task_id,**U**,11:06–11:09,INT 0,3 / n/a,18: OBS-13; 11:06–11:09,docs/measurement/Pilot_Measure_Observation_2026-08-28.md,https://github.com/Luuuuuig/Bachelor-End-Project/blob/7ec78e840589c711c73055cf6215e3f90040ff8a/docs/measurement/Pilot_Measure_Observation_2026-08-28.md,7ec78e840589c711c73055cf6215e3f90040ff8a,2026-09-21,| OBS-13                                                            | 11:06–11:09 | 3   | —               | **U** | Call colleague regarding PO aftercare                   | INT 0          | Aftercare on an existing PO following a colleague's question. **No register task covers colleague-initiated PO aftercare.**                                                                                                                                                           |,"{""Case"": ""OBS-13"", ""Time"": ""11:06–11:09"", ""Min"": ""3"", ""Task ID"": ""—"", ""Status"": ""**U**"", ""Activity"": ""Call colleague regarding PO aftercare"", ""Vol / INT"": ""INT 0"", ""Observation note"": ""Aftercare on an existing PO following a colleague's question. **No register task covers colleague-initiated PO aftercare.**""}"
2026-08-28,Pilot,19,OBS-14/15,8–9,"Assess demand, consolidate and decide order timing",P,Ordering,C,INCLUDE,VALID,4,4,Exact recorded interval,11:09,11:13,,0,,Decision appeared to rely on memory; the observer noted a clear visual cue of recall behaviour. **Expertise-dependence evidence (EXP).**,,7;8,Mapped / P,"MAX search/assessment and a decision are documented; retain provisional translated task coverage. Apparent memory use is an observational interpretation, not a new action or decision duration.","Translate old Tasks 8–9 to current Tasks 7–8. MAX and a decision are documented; the observer interpreted a visual cue as apparent memory use, but neither actual consolidation nor the current post-MAX hold/proceed tasks are established. Preserve qualitative expertise-dependence evidence without inventing decision minutes.",,Arno,historical_task_id,P,11:09–11:13,INT 0,4 / 4,19: OBS-14/15; 11:09–11:13,docs/measurement/Pilot_Measure_Observation_2026-08-28.md,https://github.com/Luuuuuig/Bachelor-End-Project/blob/7ec78e840589c711c73055cf6215e3f90040ff8a/docs/measurement/Pilot_Measure_Observation_2026-08-28.md,7ec78e840589c711c73055cf6215e3f90040ff8a,2026-09-21,| OBS-14/15                                                         | 11:09–11:13 | 4   | 8–9             | P     | Maximalisatie and decision                              | INT 0          | Decision appeared to rely on memory; the observer noted a clear visual cue of recall behaviour. **Expertise-dependence evidence (EXP).**                                                                                                                                              |,"{""Case"": ""OBS-14/15"", ""Time"": ""11:09–11:13"", ""Min"": ""4"", ""Task ID"": ""8–9"", ""Status"": ""P"", ""Activity"": ""Maximalisatie and decision"", ""Vol / INT"": ""INT 0"", ""Observation note"": ""Decision appeared to rely on memory; the observer noted a clear visual cue of recall behaviour. **Expertise-dependence evidence (EXP).**""}"
2026-08-28,Pilot,20,OBS-14/15,—,Unresolved activity,?,Unresolved stage,?,INCLUDE,VALID,3,3,Exact recorded interval,11:13,11:16,,0,,A technical drawing was required before the PO could proceed. **No register task covers obtaining a drawing or technical specification.**,,unassigned,U / C,"Colleague contact concerns a required drawing, but defining requirements versus retrieving an existing document is unresolved. Do not assume a retrieval activity from the drawing topic alone.",Obtaining a required drawing from colleagues is unregistered purchasing work. The note does not establish whether requirements are being defined or an existing document is being retrieved; drawing context alone does not justify VW1 or a firm ordering assignment.,,Arno,historical_task_id,**U**,11:13–11:16,INT 0,3 / 3,20: OBS-14/15; 11:13–11:16,docs/measurement/Pilot_Measure_Observation_2026-08-28.md,https://github.com/Luuuuuig/Bachelor-End-Project/blob/7ec78e840589c711c73055cf6215e3f90040ff8a/docs/measurement/Pilot_Measure_Observation_2026-08-28.md,7ec78e840589c711c73055cf6215e3f90040ff8a,2026-09-21,| OBS-14/15                                                         | 11:13–11:16 | 3   | —               | **U** | Contact colleagues about a required drawing             | INT 0          | A technical drawing was required before the PO could proceed. **No register task covers obtaining a drawing or technical specification.**                                                                                                                                             |,"{""Case"": ""OBS-14/15"", ""Time"": ""11:13–11:16"", ""Min"": ""3"", ""Task ID"": ""—"", ""Status"": ""**U**"", ""Activity"": ""Contact colleagues about a required drawing"", ""Vol / INT"": ""INT 0"", ""Observation note"": ""A technical drawing was required before the PO could proceed. **No register task covers obtaining a drawing or technical specification.**""}"
2026-08-28,Pilot,21,OBS-14/15,17 + 23 + **U**,Combined activities,?,Unresolved stage,?,INCLUDE,VALID,7,7,Exact recorded interval,11:16,11:23,5L,1,,"Includes 11:20–11:23 as continuation of the same work. Mixes PO completion, forwarding and the unmapped drawing requirement.","Prepare, amend or release a purchase order; Send the purchase order to the supplier",17;23,Mixed / C,PO completion and beginning supplier forwarding are supported distinct catalog components. The same inseparable interval also contains a drawing requirement whose activity remains unresolved; list only supported components and preserve UNKNOWN stage and the full interval.,"The seven-minute interval explicitly combines PO completion, beginning forwarding and the unregistered drawing requirement, including 11:20–11:23. Registered ordering work is present, but the drawing purpose is unresolved; retain UNKNOWN for the inseparable episode rather than infer a second stage or split minutes.",,Arno,historical_task_id,U,11:16–11:23,"5L, INT 1",7 / 7,21: OBS-14/15; 11:16–11:23,docs/measurement/Pilot_Measure_Observation_2026-08-28.md,https://github.com/Luuuuuig/Bachelor-End-Project/blob/7ec78e840589c711c73055cf6215e3f90040ff8a/docs/measurement/Pilot_Measure_Observation_2026-08-28.md,7ec78e840589c711c73055cf6215e3f90040ff8a,2026-09-21,"| OBS-14/15                                                         | 11:16–11:23 | 7   | 17 + 23 + **U** | U     | Continue PO, drawing check, begin forwarding            | 5L, INT 1      | Includes 11:20–11:23 as continuation of the same work. Mixes PO completion, forwarding and the unmapped drawing requirement.                                                                                                                                                          |","{""Case"": ""OBS-14/15"", ""Time"": ""11:16–11:23"", ""Min"": ""7"", ""Task ID"": ""17 + 23 + **U**"", ""Status"": ""U"", ""Activity"": ""Continue PO, drawing check, begin forwarding"", ""Vol / INT"": ""5L, INT 1"", ""Observation note"": ""Includes 11:20–11:23 as continuation of the same work. Mixes PO completion, forwarding and the unmapped drawing requirement.""}"
2026-08-28,Pilot,22,OBS-14/15,23,Send the purchase order to the supplier,P,Ordering,P,REVIEW_SCOPE,UNCERTAIN,,6,Exact recorded interval,11:23,11:29,,≥1,,Includes 11:27–11:29 as continuation. **Open issue: whether these minutes are active work on this PO or time spent on the interrupting calls — see §4.**,,23,Mapped / P,"The row is recorded as supplier forwarding, but attribution of the six minutes between that work and interrupting calls is unresolved. The existing timing-quality exclusion remains; no call content or split is inferred.","The six-minute interval is recorded as forwarding interrupted by calls, but source §4 leaves attribution between the PO and calls unresolved. Keep the interval intact and hold it out; do not treat 11:27–11:29 as a gap or allocate any of these minutes to inferred call tasks.",,Arno,historical_task_id,P,11:23–11:29,INT ≥1,6 / n/a,22: OBS-14/15; 11:23–11:29,docs/measurement/Pilot_Measure_Observation_2026-08-28.md,https://github.com/Luuuuuig/Bachelor-End-Project/blob/7ec78e840589c711c73055cf6215e3f90040ff8a/docs/measurement/Pilot_Measure_Observation_2026-08-28.md,7ec78e840589c711c73055cf6215e3f90040ff8a,2026-09-21,"| OBS-14/15                                                         | 11:23–11:29 | 6   | 23              | P     | Forwarding, interrupted by calls                        | INT ≥1         | Includes 11:27–11:29 as continuation. **Open issue: whether these minutes are active work on this PO or time spent on the interrupting calls — see §4.**                                                                                                                              |","{""Case"": ""OBS-14/15"", ""Time"": ""11:23–11:29"", ""Min"": ""6"", ""Task ID"": ""23"", ""Status"": ""P"", ""Activity"": ""Forwarding, interrupted by calls"", ""Vol / INT"": ""INT ≥1"", ""Observation note"": ""Includes 11:27–11:29 as continuation. **Open issue: whether these minutes are active work on this PO or time spent on the interrupting calls — see §4.**""}"
2026-08-28,Pilot,23,OBS-14/15,23,Send the purchase order to the supplier,P,Ordering,P,REVIEW_SCOPE,UNCERTAIN,,1,Exact recorded interval,11:29,11:30,,≥1,,Same open issue as above.,,23,Mapped / P,The same provisional forwarding interpretation and unresolved call attribution apply to this minute. Preserve the combined seven-minute holdout across these two source rows.,"The same unresolved forwarding-versus-interrupting-call attribution applies to this one minute. Together with the preceding row, seven recorded minutes are held out, without redistribution or reconstruction.",,Arno,historical_task_id,P,11:29–11:30,INT ≥1,1 / n/a,23: OBS-14/15; 11:29–11:30,docs/measurement/Pilot_Measure_Observation_2026-08-28.md,https://github.com/Luuuuuig/Bachelor-End-Project/blob/7ec78e840589c711c73055cf6215e3f90040ff8a/docs/measurement/Pilot_Measure_Observation_2026-08-28.md,7ec78e840589c711c73055cf6215e3f90040ff8a,2026-09-21,"| OBS-14/15                                                         | 11:29–11:30 | 1   | 23              | P     | Forwarding, interrupted again                           | INT ≥1         | Same open issue as above.                                                                                                                                                                                                                                                             |","{""Case"": ""OBS-14/15"", ""Time"": ""11:29–11:30"", ""Min"": ""1"", ""Task ID"": ""23"", ""Status"": ""P"", ""Activity"": ""Forwarding, interrupted again"", ""Vol / INT"": ""INT ≥1"", ""Observation note"": ""Same open issue as above.""}"
2026-08-28,Pilot,24,OBS-16,—,Unresolved activity,?,Unresolved stage,?,EXCLUDE_AFTERCARE,VALID,,8,Exact recorded interval,11:30,11:38,,0,,"A colleague raised a question about an existing PO; something appeared to be missing, leading to a discussion about whether it was genuinely missing and what had happened. Possibly related to Task 31, but this is a colleague query rather than a confirmed unavailable component.",,unassigned,U / C,"Discussion of a potentially missing item is documented aftercare, but the transaction position and precise response are unknown. Do not infer status tracing, receipt, or supplier-reported unavailability.",The eight-minute discussion concerns a potentially missing item on an existing PO and is explicitly aftercare. Task 31 is not established because supplier-reported unavailability is unconfirmed. Exclude this episode independently of the later same-case ordering actions.,,Arno,historical_task_id,**U**,11:30–11:38,INT 0,8 / n/a,24: OBS-16; 11:30–11:38,docs/measurement/Pilot_Measure_Observation_2026-08-28.md,https://github.com/Luuuuuig/Bachelor-End-Project/blob/7ec78e840589c711c73055cf6215e3f90040ff8a/docs/measurement/Pilot_Measure_Observation_2026-08-28.md,7ec78e840589c711c73055cf6215e3f90040ff8a,2026-09-21,"| OBS-16                                                            | 11:30–11:38 | 8   | —               | **U** | PO aftercare following a colleague's question           | INT 0          | A colleague raised a question about an existing PO; something appeared to be missing, leading to a discussion about whether it was genuinely missing and what had happened. Possibly related to Task 31, but this is a colleague query rather than a confirmed unavailable component. |","{""Case"": ""OBS-16"", ""Time"": ""11:30–11:38"", ""Min"": ""8"", ""Task ID"": ""—"", ""Status"": ""**U**"", ""Activity"": ""PO aftercare following a colleague's question"", ""Vol / INT"": ""INT 0"", ""Observation note"": ""A colleague raised a question about an existing PO; something appeared to be missing, leading to a discussion about whether it was genuinely missing and what had happened. Possibly related to Task 31, but this is a colleague query rather than a confirmed unavailable component.""}"
2026-08-28,Pilot,25,OBS-16,2–3 or 17,"Prepare, amend or release a purchase order",P,Ordering,C,REVIEW_SCOPE,VALID,,2,Exact recorded interval,11:38,11:40,,0,,Unresolved whether this created a purchasing entry from a request (2–3) or completed the supplier PO (17).,,2;3 or 17,Mapped / P,"Purchasing-entry creation and supplier-PO completion remain alternative task mappings, but both belong to order preparation. Preserve provisional confidence and the independent mixed-scope review.","Entering the order is clear ordering work, but Tasks 2–3 versus Task 17 remain alternatives, not simultaneously observed steps. This follows excluded aftercare in OBS-16; whether it is eligible new demand or remedial aftercare is unrecorded. Hold the two minutes for scope review without excluding the whole case automatically.",,Arno,historical_task_id,P,11:38–11:40,INT 0,2 / n/a,25: OBS-16; 11:38–11:40,docs/measurement/Pilot_Measure_Observation_2026-08-28.md,https://github.com/Luuuuuig/Bachelor-End-Project/blob/7ec78e840589c711c73055cf6215e3f90040ff8a/docs/measurement/Pilot_Measure_Observation_2026-08-28.md,7ec78e840589c711c73055cf6215e3f90040ff8a,2026-09-21,| OBS-16                                                            | 11:38–11:40 | 2   | 2–3 or 17       | P     | Enter order into Exact                                  | INT 0          | Unresolved whether this created a purchasing entry from a request (2–3) or completed the supplier PO (17).                                                                                                                                                                            |,"{""Case"": ""OBS-16"", ""Time"": ""11:38–11:40"", ""Min"": ""2"", ""Task ID"": ""2–3 or 17"", ""Status"": ""P"", ""Activity"": ""Enter order into Exact"", ""Vol / INT"": ""INT 0"", ""Observation note"": ""Unresolved whether this created a purchasing entry from a request (2–3) or completed the supplier PO (17).""}"
2026-08-28,Pilot,26,OBS-16,23,Send the purchase order to the supplier,C,Ordering,C,REVIEW_SCOPE,VALID,,1,Exact recorded interval,11:40,11:41,,0,,—,,23,Mapped / C,Supplier-facing PO forwarding is explicit. The activity label does not resolve whether the order serves new demand or the preceding excluded aftercare.,"Supplier-PO forwarding is explicit, but the source does not clarify whether the order communicates eligible new demand or the preceding aftercare remedy. Review this one-minute episode independently; the SEND-like action does not itself establish eligibility.",,Arno,historical_task_id,C,11:40–11:41,INT 0,1 / n/a,26: OBS-16; 11:40–11:41,docs/measurement/Pilot_Measure_Observation_2026-08-28.md,https://github.com/Luuuuuig/Bachelor-End-Project/blob/7ec78e840589c711c73055cf6215e3f90040ff8a/docs/measurement/Pilot_Measure_Observation_2026-08-28.md,7ec78e840589c711c73055cf6215e3f90040ff8a,2026-09-21,| OBS-16                                                            | 11:40–11:41 | 1   | 23              | C     | Forward PO to supplier                                  | INT 0          | —                                                                                                                                                                                                                                                                                     |,"{""Case"": ""OBS-16"", ""Time"": ""11:40–11:41"", ""Min"": ""1"", ""Task ID"": ""23"", ""Status"": ""C"", ""Activity"": ""Forward PO to supplier"", ""Vol / INT"": ""INT 0"", ""Observation note"": ""—""}"
2026-08-28,Pilot,27,OBS-14/15,—,Unresolved activity,?,Unresolved stage,?,INCLUDE,VALID,7,7,Exact recorded interval,11:41,11:48,,0,,Arnold walked to a colleague and planned to stop by Engineering to resolve the outstanding drawing question.,,unassigned,U / C,In-person discussion concerns an outstanding drawing question. The record does not establish requirement development or actual retrieval of an existing document; retain unresolved activity and stage.,"In-person follow-up seeks to resolve an outstanding drawing question for the purchasing case. It remains unregistered; no clear evidence distinguishes defining technical requirements from retrieving existing documents. Preserve seven active recorded minutes once, with UNKNOWN stage.",,Arno,historical_task_id,**U**,11:41–11:48,INT 0,7 / 7,27: OBS-14/15; 11:41–11:48,docs/measurement/Pilot_Measure_Observation_2026-08-28.md,https://github.com/Luuuuuig/Bachelor-End-Project/blob/7ec78e840589c711c73055cf6215e3f90040ff8a/docs/measurement/Pilot_Measure_Observation_2026-08-28.md,7ec78e840589c711c73055cf6215e3f90040ff8a,2026-09-21,| OBS-14/15                                                         | 11:41–11:48 | 7   | —               | **U** | Follow up the drawing requirement in person             | INT 0          | Arnold walked to a colleague and planned to stop by Engineering to resolve the outstanding drawing question.                                                                                                                                                                          |,"{""Case"": ""OBS-14/15"", ""Time"": ""11:41–11:48"", ""Min"": ""7"", ""Task ID"": ""—"", ""Status"": ""**U**"", ""Activity"": ""Follow up the drawing requirement in person"", ""Vol / INT"": ""INT 0"", ""Observation note"": ""Arnold walked to a colleague and planned to stop by Engineering to resolve the outstanding drawing question.""}"
2026-08-28,Pilot,28,OBS-17,—,Follow up order status or delivery commitments,C,Monitoring,C,EXCLUDE_AFTERCARE,VALID,,2,Exact recorded interval,11:48,11:50,,0,,A colleague asked where a certain component from a PO placed in June was. Arnold had to call the supplier to establish its status. **No register task covers order-status tracing or expediting.**,,unassigned,U / C,The supplier is called to establish the status of a component on an existing June PO. This is explicit status follow-up and remains excluded aftercare.,"Calling the supplier to establish the status of a component on a June PO is explicit order-status monitoring/expediting, absent from the register. Exclude this aftercare purpose without changing its theoretical VW5 classification.",,Arno,historical_task_id,**U**,11:48–11:50,INT 0,2 / n/a,28: OBS-17; 11:48–11:50,docs/measurement/Pilot_Measure_Observation_2026-08-28.md,https://github.com/Luuuuuig/Bachelor-End-Project/blob/7ec78e840589c711c73055cf6215e3f90040ff8a/docs/measurement/Pilot_Measure_Observation_2026-08-28.md,7ec78e840589c711c73055cf6215e3f90040ff8a,2026-09-21,| OBS-17                                                            | 11:48–11:50 | 2   | —               | **U** | Trace a component from a June PO                        | INT 0          | A colleague asked where a certain component from a PO placed in June was. Arnold had to call the supplier to establish its status. **No register task covers order-status tracing or expediting.**                                                                                    |,"{""Case"": ""OBS-17"", ""Time"": ""11:48–11:50"", ""Min"": ""2"", ""Task ID"": ""—"", ""Status"": ""**U**"", ""Activity"": ""Trace a component from a June PO"", ""Vol / INT"": ""INT 0"", ""Observation note"": ""A colleague asked where a certain component from a PO placed in June was. Arnold had to call the supplier to establish its status. **No register task covers order-status tracing or expediting.**""}"
2026-08-28,Pilot,29,—,—,Not an observed activity,C,Not applicable,C,NOT_OBSERVATION,NOT_OBSERVATION,,,Not observed activity,11:50,11:57,,,,No episode recorded. Reason not established afterward.,,unassigned,Unresolved / ?,"This is an uncoded interval with no recorded work episode, not an inferred break, missing task or zero-duration activity.","Seven-minute uncoded gap: no work episode or reason was recorded. Interval length is audit context, not observed buyer activity, a break inference, zero work or eligible minutes; exclude it from recorded-work and stage totals.",,Arno,historical_task_id,?,11:50–11:57,—,7 / n/a,29: —; 11:50–11:57,docs/measurement/Pilot_Measure_Observation_2026-08-28.md,https://github.com/Luuuuuig/Bachelor-End-Project/blob/7ec78e840589c711c73055cf6215e3f90040ff8a/docs/measurement/Pilot_Measure_Observation_2026-08-28.md,7ec78e840589c711c73055cf6215e3f90040ff8a,2026-09-21,| —                                                                 | 11:50–11:57 | 7   | —               | ?     | Not coded                                               | —              | No episode recorded. Reason not established afterward.                                                                                                                                                                                                                                |,"{""Case"": ""—"", ""Time"": ""11:50–11:57"", ""Min"": ""7"", ""Task ID"": ""—"", ""Status"": ""?"", ""Activity"": ""Not coded"", ""Vol / INT"": ""—"", ""Observation note"": ""No episode recorded. Reason not established afterward.""}"
2026-08-28,Pilot,30,OBS-14/15,23 + **U**,Send the purchase order to the supplier,C,Ordering,C,INCLUDE,VALID,5,5,Exact recorded interval,11:57,12:02,,0,,"Returned to the interrupted PO, attached the required drawings and completed forwarding. Drawing attachment is not covered by Task 28, which concerns supplier confirmations.",,23,Mixed / C,"Required drawings are attached to the outgoing order and supplier forwarding is completed. Treat these as preparation of the same order communication, without inventing a separate PO-creation/release activity or using confirmation Task 28.",Attaching required drawings and completing supplier forwarding are explicit order communication. Task 23 covers forwarding while drawing attachment remains unregistered; Task 28 is only for supplier confirmations. Count five minutes once and retain merged OBS-14/15 identity.,,Arno,historical_task_id,U,11:57–12:02,INT 0,5 / 5,30: OBS-14/15; 11:57–12:02,docs/measurement/Pilot_Measure_Observation_2026-08-28.md,https://github.com/Luuuuuig/Bachelor-End-Project/blob/7ec78e840589c711c73055cf6215e3f90040ff8a/docs/measurement/Pilot_Measure_Observation_2026-08-28.md,7ec78e840589c711c73055cf6215e3f90040ff8a,2026-09-21,"| OBS-14/15                                                         | 11:57–12:02 | 5   | 23 + **U**      | U     | Attach drawings and complete forwarding                 | INT 0          | Returned to the interrupted PO, attached the required drawings and completed forwarding. Drawing attachment is not covered by Task 28, which concerns supplier confirmations.                                                                                                         |","{""Case"": ""OBS-14/15"", ""Time"": ""11:57–12:02"", ""Min"": ""5"", ""Task ID"": ""23 + **U**"", ""Status"": ""U"", ""Activity"": ""Attach drawings and complete forwarding"", ""Vol / INT"": ""INT 0"", ""Observation note"": ""Returned to the interrupted PO, attached the required drawings and completed forwarding. Drawing attachment is not covered by Task 28, which concerns supplier confirmations.""}"
2026-08-31,Baseline,1,OBS-01,REQ,Establish or clarify purchasing requirements,C,Specification,C,INCLUDE,VALID,,,Untimed,—,—,—,0,,Item: Primer-C. Request received via physical letter. Two options: 20 ml for €18.53 or 1000 ml for €110. Need to ask which option is actually required.,,1,Mapped / C,The letter leaves the required Primer-C quantity/package unresolved. Intake serves establishing that requirement.,"Letter intake concerns an unresolved choice between Primer-C quantities/packages. The documented purpose is establishing the purchasing requirement, not placing an already defined order.",,Arno,live_family,,,,n/a / n/a,1: OBS-01; untimed,docs/measurement/Measure_Observation_2026-08-31.md,https://github.com/Luuuuuig/Bachelor-End-Project/blob/7ec78e840589c711c73055cf6215e3f90040ff8a/docs/measurement/Measure_Observation_2026-08-31.md,7ec78e840589c711c73055cf6215e3f90040ff8a,2026-09-21,| OBS-01 | REQ | — | — | — | 0 |  | Item: Primer-C. Request received via physical letter. Two options: 20 ml for €18.53 or 1000 ml for €110. Need to ask which option is actually required. |,"{""Case"": ""OBS-01"", ""Activity"": ""REQ"", ""Start"": ""—"", ""End"": ""—"", ""Volume"": ""—"", ""INT"": ""0"", ""DEC?"": """", ""Note"": ""Item: Primer-C. Request received via physical letter. Two options: 20 ml for €18.53 or 1000 ml for €110. Need to ask which option is actually required.""}"
2026-08-31,Baseline,2,OBS-01,CLAR,Establish or clarify purchasing requirements,C,Specification,C,INCLUDE,VALID,10,10,Exact recorded interval,10:30,10:40,1L,1,Yes,,,4,Mapped / C,Clarification addresses the recorded Primer-C 20 ml versus 1000 ml requirement choice; preserve the complete ten-minute episode.,Earlier enrichment identifies request clarification/validation. The linked Primer-C note specifies the unresolved 20 ml versus 1000 ml choice; retain the ten-minute episode intact.,,Arno,live_family,,,,10 / 10,2: OBS-01; 10:30 to 10:40,docs/measurement/Measure_Observation_2026-08-31.md,https://github.com/Luuuuuig/Bachelor-End-Project/blob/7ec78e840589c711c73055cf6215e3f90040ff8a/docs/measurement/Measure_Observation_2026-08-31.md,7ec78e840589c711c73055cf6215e3f90040ff8a,2026-09-21,| OBS-01 | CLAR | 10:30 | 10:40 | 1L | 1 | Yes |  |,"{""Case"": ""OBS-01"", ""Activity"": ""CLAR"", ""Start"": ""10:30"", ""End"": ""10:40"", ""Volume"": ""1L"", ""INT"": ""1"", ""DEC?"": ""Yes"", ""Note"": """"}"
2026-08-31,Baseline,3,OBS-02,REQ-mail,Receive and complete a defined purchasing request,P,Ordering,P,INCLUDE,VALID,,,Untimed,—,—,—,0,,,,1,Mapped / C,"Request intake probably initiates execution of the linked order; the request details are absent, so the defined-request interpretation stays provisional.","Earlier enrichment identifies external purchasing-request intake; the same case proceeds directly to request-to-PO execution. Ordering context is probable, but request details are absent.",,Arno,live_family,,,,n/a / n/a,3: OBS-02; untimed,docs/measurement/Measure_Observation_2026-08-31.md,https://github.com/Luuuuuig/Bachelor-End-Project/blob/7ec78e840589c711c73055cf6215e3f90040ff8a/docs/measurement/Measure_Observation_2026-08-31.md,7ec78e840589c711c73055cf6215e3f90040ff8a,2026-09-21,| OBS-02 | REQ-mail | — | — | — | 0 |  |  |,"{""Case"": ""OBS-02"", ""Activity"": ""REQ-mail"", ""Start"": ""—"", ""End"": ""—"", ""Volume"": ""—"", ""INT"": ""0"", ""DEC?"": """", ""Note"": """"}"
2026-08-31,Baseline,4,OBS-02,PO,"Prepare, amend or release a purchase order",C,Ordering,C,INCLUDE,VALID,2,2,Exact recorded interval,10:42,10:44,1L,0,,,,2;3;17,Mapped / C,Information transfer and request-to-PO preparation are grouped order-preparation subactivities. Preserve the combined duration without creating three separate activities.,"Earlier enrichment identifies request-to-PO execution through information transfer and PO preparation. These are combined coverage labels, not three separately observed durations or extra episodes.",,Arno,live_family,,,,2 / 2,4: OBS-02; 10:42 to 10:44,docs/measurement/Measure_Observation_2026-08-31.md,https://github.com/Luuuuuig/Bachelor-End-Project/blob/7ec78e840589c711c73055cf6215e3f90040ff8a/docs/measurement/Measure_Observation_2026-08-31.md,7ec78e840589c711c73055cf6215e3f90040ff8a,2026-09-21,| OBS-02 | PO | 10:42 | 10:44 | 1L | 0 |  |  |,"{""Case"": ""OBS-02"", ""Activity"": ""PO"", ""Start"": ""10:42"", ""End"": ""10:44"", ""Volume"": ""1L"", ""INT"": ""0"", ""DEC?"": """", ""Note"": """"}"
2026-08-31,Baseline,5,OBS-02,SEND,Send the purchase order to the supplier,C,Ordering,C,INCLUDE,VALID,5,5,Exact recorded interval,10:46,10:51,1L,0,,Error Exact,,23,Mapped / C,Earlier enrichment identifies supplier-facing PO forwarding. The Exact error does not create a separately measured system-wait interval.,Earlier enrichment identifies forwarding the PO to the supplier. The recorded Exact error does not establish a separable passive system-wait interval or justify changing the five minutes.,,Arno,live_family,,,,5 / 5,5: OBS-02; 10:46 to 10:51,docs/measurement/Measure_Observation_2026-08-31.md,https://github.com/Luuuuuig/Bachelor-End-Project/blob/7ec78e840589c711c73055cf6215e3f90040ff8a/docs/measurement/Measure_Observation_2026-08-31.md,7ec78e840589c711c73055cf6215e3f90040ff8a,2026-09-21,| OBS-02 | SEND | 10:46 | 10:51 | 1L | 0 |  | Error Exact |,"{""Case"": ""OBS-02"", ""Activity"": ""SEND"", ""Start"": ""10:46"", ""End"": ""10:51"", ""Volume"": ""1L"", ""INT"": ""0"", ""DEC?"": """", ""Note"": ""Error Exact""}"
2026-08-31,Baseline,6,OBS-03,REQ-mail,Unresolved activity,?,Unresolved stage,?,INCLUDE,VALID,,,Untimed,—,—,—,0,,,,1,Mapped / C,"The external purchasing request is known, but its contents and specification-versus-ordering purpose are unresolved.","External request intake is confirmed by the earlier enrichment, but the requested work and purchasing stage are not sufficiently described. Keep the untimed occurrence.",,Arno,live_family,,,,n/a / n/a,6: OBS-03; untimed,docs/measurement/Measure_Observation_2026-08-31.md,https://github.com/Luuuuuig/Bachelor-End-Project/blob/7ec78e840589c711c73055cf6215e3f90040ff8a/docs/measurement/Measure_Observation_2026-08-31.md,7ec78e840589c711c73055cf6215e3f90040ff8a,2026-09-21,| OBS-03 | REQ-mail | — | — | — | 0 |  |  |,"{""Case"": ""OBS-03"", ""Activity"": ""REQ-mail"", ""Start"": ""—"", ""End"": ""—"", ""Volume"": ""—"", ""INT"": ""0"", ""DEC?"": """", ""Note"": """"}"
2026-08-31,Baseline,7,OBS-03,CLAR,Unresolved activity,?,Unresolved stage,?,INCLUDE,VALID,,,Untimed,—,—,—,0,,"Forward; instantaneous/tally occurrence, not a timed episode.",,4,Mapped / P,An untimed clarification/forwarding occurrence is recorded without its object or purpose. No catalog communication or requirement activity is established.,Earlier enrichment identifies an instantaneous clarification/forwarding occurrence. Task 4 coverage is provisional because the row says only Forward; the clarification purpose and stage are unspecified. No duration is created.,,Arno,live_family,,,,n/a / n/a,7: OBS-03; untimed,docs/measurement/Measure_Observation_2026-08-31.md,https://github.com/Luuuuuig/Bachelor-End-Project/blob/7ec78e840589c711c73055cf6215e3f90040ff8a/docs/measurement/Measure_Observation_2026-08-31.md,7ec78e840589c711c73055cf6215e3f90040ff8a,2026-09-21,"| OBS-03 | CLAR | — | — | — | 0 |  | Forward; instantaneous/tally occurrence, not a timed episode. |","{""Case"": ""OBS-03"", ""Activity"": ""CLAR"", ""Start"": ""—"", ""End"": ""—"", ""Volume"": ""—"", ""INT"": ""0"", ""DEC?"": """", ""Note"": ""Forward; instantaneous/tally occurrence, not a timed episode.""}"
2026-08-31,Baseline,8,OBS-04,REQ-mail,Receive and complete a defined purchasing request,C,Ordering,C,INCLUDE,VALID,,,Untimed,—,—,—,0,,New article to old PO,,1,Mapped / C,"The request is to add an article to an existing PO, establishing defined-request intake for ordering. Later aftercare does not change this activity.","Mail request concerns adding a new article to an existing PO. This is ordering intake, independently of the later excluded aftercare episode in the same case.",,Arno,live_family,,,,n/a / n/a,8: OBS-04; untimed,docs/measurement/Measure_Observation_2026-08-31.md,https://github.com/Luuuuuig/Bachelor-End-Project/blob/7ec78e840589c711c73055cf6215e3f90040ff8a/docs/measurement/Measure_Observation_2026-08-31.md,7ec78e840589c711c73055cf6215e3f90040ff8a,2026-09-21,| OBS-04 | REQ-mail | — | — | — | 0 |  | New article to old PO |,"{""Case"": ""OBS-04"", ""Activity"": ""REQ-mail"", ""Start"": ""—"", ""End"": ""—"", ""Volume"": ""—"", ""INT"": ""0"", ""DEC?"": """", ""Note"": ""New article to old PO""}"
2026-08-31,Baseline,9,OBS-04,CHECK,Check and correct an order before release,C,Ordering,C,INCLUDE,VALID,1,1,Exact recorded interval,10:52,10:53,3L,0,,1L checked,,unassigned,Unresolved / ?,The earlier enrichment explicitly locates this check before sending. The checked field remains unknown; do not rename it price comparison.,"Earlier enrichment establishes that this CHECK belongs to a pre-send checking/PO-modification block. The checked field is unspecified, so the former broad 14-17 range does not prove Task 15 price comparison or a correction action.",,Arno,live_family,,,,1 / 1,9: OBS-04; 10:52 to 10:53,docs/measurement/Measure_Observation_2026-08-31.md,https://github.com/Luuuuuig/Bachelor-End-Project/blob/7ec78e840589c711c73055cf6215e3f90040ff8a/docs/measurement/Measure_Observation_2026-08-31.md,7ec78e840589c711c73055cf6215e3f90040ff8a,2026-09-21,| OBS-04 | CHECK | 10:52 | 10:53 | 3L | 0 |  |1L checked  |,"{""Case"": ""OBS-04"", ""Activity"": ""CHECK"", ""Start"": ""10:52"", ""End"": ""10:53"", ""Volume"": ""3L"", ""INT"": ""0"", ""DEC?"": """", ""Note"": ""1L checked""}"
2026-08-31,Baseline,10,OBS-04,PO,"Prepare, amend or release a purchase order",C,Ordering,C,INCLUDE,VALID,2,2,Exact recorded interval,10:53,10:55,1L,0,,1L added,,17,Mapped / C,"Adding one line amends the PO. It does not by itself establish MAX search, consolidation or authorization.","One line is added to the existing PO within the documented pre-send modification block. No same-supplier MAX search, consolidation decision or approval step is inferred.",,Arno,live_family,,,,2 / 2,10: OBS-04; 10:53 to 10:55,docs/measurement/Measure_Observation_2026-08-31.md,https://github.com/Luuuuuig/Bachelor-End-Project/blob/7ec78e840589c711c73055cf6215e3f90040ff8a/docs/measurement/Measure_Observation_2026-08-31.md,7ec78e840589c711c73055cf6215e3f90040ff8a,2026-09-21,| OBS-04 | PO | 10:53 | 10:55 | 1L | 0 |  | 1L added |,"{""Case"": ""OBS-04"", ""Activity"": ""PO"", ""Start"": ""10:53"", ""End"": ""10:55"", ""Volume"": ""1L"", ""INT"": ""0"", ""DEC?"": """", ""Note"": ""1L added""}"
2026-08-31,Baseline,11,OBS-04,CHECK,Check and correct an order before release,C,Ordering,C,INCLUDE,VALID,4,4,Exact recorded interval,10:55,10:59,3L,0,,2L checked,,unassigned,Unresolved / ?,Two lines are checked in the documented pre-send control block. Retain the unknown checked-field subtype and do not infer a price correction.,"Two lines are checked in the documented pre-send checking/PO-modification block. Ordering is established, but the compared information is unspecified; no Task 15 price comparison is imposed.",,Arno,live_family,,,,4 / 4,11: OBS-04; 10:55 to 10:59,docs/measurement/Measure_Observation_2026-08-31.md,https://github.com/Luuuuuig/Bachelor-End-Project/blob/7ec78e840589c711c73055cf6215e3f90040ff8a/docs/measurement/Measure_Observation_2026-08-31.md,7ec78e840589c711c73055cf6215e3f90040ff8a,2026-09-21,| OBS-04 | CHECK | 10:55 | 10:59 | 3L | 0 |  | 2L checked |,"{""Case"": ""OBS-04"", ""Activity"": ""CHECK"", ""Start"": ""10:55"", ""End"": ""10:59"", ""Volume"": ""3L"", ""INT"": ""0"", ""DEC?"": """", ""Note"": ""2L checked""}"
2026-08-31,Baseline,12,OBS-04,SEND,Unresolved activity,?,Ordering,P,INCLUDE,VALID,,,Untimed,—,—,—,0,?,Genuine sub-minute SEND action after the CHECK/PO/CHECK block. Retained as a tally occurrence; duration was not measured precisely and is excluded from timed active-minute totals.,,unassigned,Unresolved / ?,"The sub-minute SEND occurred after order processing, but document and recipient are unrecorded. Probable ordering stage alone does not establish supplier-facing PO forwarding.","Source verification confirms a genuine sub-minute SEND after the pre-send order-processing block. Ordering communication is probable, but recipient/content and Task 23 are not established. Retain occurrence only.",,Arno,live_family,,,,n/a / n/a,12: OBS-04; untimed,docs/measurement/Measure_Observation_2026-08-31.md,https://github.com/Luuuuuig/Bachelor-End-Project/blob/7ec78e840589c711c73055cf6215e3f90040ff8a/docs/measurement/Measure_Observation_2026-08-31.md,7ec78e840589c711c73055cf6215e3f90040ff8a,2026-09-21,| OBS-04 | SEND | — | — | — | 0 | ? | Genuine sub-minute SEND action after the CHECK/PO/CHECK block. Retained as a tally occurrence; duration was not measured precisely and is excluded from timed active-minute totals. |,"{""Case"": ""OBS-04"", ""Activity"": ""SEND"", ""Start"": ""—"", ""End"": ""—"", ""Volume"": ""—"", ""INT"": ""0"", ""DEC?"": ""?"", ""Note"": ""Genuine sub-minute SEND action after the CHECK/PO/CHECK block. Retained as a tally occurrence; duration was not measured precisely and is excluded from timed active-minute totals.""}"
2026-08-31,Baseline,13,OBS-05,CHECK,Unresolved activity,?,Unresolved stage,?,INCLUDE,VALID,3,3,Exact recorded interval,10:59,11:02,3L,0,,,,unassigned,Unresolved / ?,"A check occurred, but no control point, object or matching catalog activity is established.","The three-minute CHECK is source-verified, but its subtype/control point is absent. Insufficient detail is Unresolved, not proof that the activity lies outside the register. Keep eligible family minutes.",,Arno,live_family,,,,3 / 3,13: OBS-05; 10:59 to 11:02,docs/measurement/Measure_Observation_2026-08-31.md,https://github.com/Luuuuuig/Bachelor-End-Project/blob/7ec78e840589c711c73055cf6215e3f90040ff8a/docs/measurement/Measure_Observation_2026-08-31.md,7ec78e840589c711c73055cf6215e3f90040ff8a,2026-09-21,| OBS-05 | CHECK | 10:59 | 11:02 | 3L | 0 |  |  |,"{""Case"": ""OBS-05"", ""Activity"": ""CHECK"", ""Start"": ""10:59"", ""End"": ""11:02"", ""Volume"": ""3L"", ""INT"": ""0"", ""DEC?"": """", ""Note"": """"}"
2026-08-31,Baseline,14,OBS-05,EXC,Unresolved activity,?,Unresolved stage,?,EXCLUDE_EXC,VALID,,,Untimed,—,—,—,0,?,Sub-minute exception/aftercare action immediately after the CHECK. Retained as a tally occurrence; duration was not measured precisely and is excluded from timed active-minute totals.,,unassigned,Unresolved / ?,Untimed EXC/aftercare is documented without the particular action. Preserve exclusion and unresolved activity.,"Source verification confirms an untimed EXC/aftercare action after the CHECK. Original EXC is excluded; no specific task, stage or duration is inferred.",,Arno,live_family,,,,n/a / n/a,14: OBS-05; untimed,docs/measurement/Measure_Observation_2026-08-31.md,https://github.com/Luuuuuig/Bachelor-End-Project/blob/7ec78e840589c711c73055cf6215e3f90040ff8a/docs/measurement/Measure_Observation_2026-08-31.md,7ec78e840589c711c73055cf6215e3f90040ff8a,2026-09-21,| OBS-05 | EXC | — | — | — | 0 | ? | Sub-minute exception/aftercare action immediately after the CHECK. Retained as a tally occurrence; duration was not measured precisely and is excluded from timed active-minute totals. |,"{""Case"": ""OBS-05"", ""Activity"": ""EXC"", ""Start"": ""—"", ""End"": ""—"", ""Volume"": ""—"", ""INT"": ""0"", ""DEC?"": ""?"", ""Note"": ""Sub-minute exception/aftercare action immediately after the CHECK. Retained as a tally occurrence; duration was not measured precisely and is excluded from timed active-minute totals.""}"
2026-08-31,Baseline,15,OBS-06,REQ-mail,Establish or clarify purchasing requirements,P,Specification,P,INCLUDE,VALID,,,Untimed,—,—,—,0,,,,1,Mapped / C,"The intake is linked to maintenance/service clarification, giving only provisional support for requirement establishment. Do not strengthen the existing provisional stage interpretation.",Previously documented external intake belongs to the immediately following maintenance/service clarification. Requirement-classification context is probable; the precise question is not recorded.,,Arno,live_family,,,,n/a / n/a,15: OBS-06; untimed,docs/measurement/Measure_Observation_2026-08-31.md,https://github.com/Luuuuuig/Bachelor-End-Project/blob/7ec78e840589c711c73055cf6215e3f90040ff8a/docs/measurement/Measure_Observation_2026-08-31.md,7ec78e840589c711c73055cf6215e3f90040ff8a,2026-09-21,| OBS-06 | REQ-mail | — | — | — | 0 |  |  |,"{""Case"": ""OBS-06"", ""Activity"": ""REQ-mail"", ""Start"": ""—"", ""End"": ""—"", ""Volume"": ""—"", ""INT"": ""0"", ""DEC?"": """", ""Note"": """"}"
2026-08-31,Baseline,16,OBS-06,CLAR,Establish or clarify purchasing requirements,P,Specification,P,INCLUDE,VALID,1,1,Exact recorded interval,11:03,11:04,1L,0,Yes,"Onderhoud, so it is service",,4,Mapped / C,The maintenance/service classification is retained as probable requirement clarification; the source does not establish a more specific requirement decision.,Earlier enrichment identifies request classification/validation as maintenance/service. Specification is a provisional interpretation of clarifying the type of requested work; the note does not establish a more detailed requirement decision.,,Arno,live_family,,,,1 / 1,16: OBS-06; 11:03 to 11:04,docs/measurement/Measure_Observation_2026-08-31.md,https://github.com/Luuuuuig/Bachelor-End-Project/blob/7ec78e840589c711c73055cf6215e3f90040ff8a/docs/measurement/Measure_Observation_2026-08-31.md,7ec78e840589c711c73055cf6215e3f90040ff8a,2026-09-21,"| OBS-06 | CLAR | 11:03 | 11:04 | 1L | 0 | Yes | Onderhoud, so it is service |","{""Case"": ""OBS-06"", ""Activity"": ""CLAR"", ""Start"": ""11:03"", ""End"": ""11:04"", ""Volume"": ""1L"", ""INT"": ""0"", ""DEC?"": ""Yes"", ""Note"": ""Onderhoud, so it is service""}"
2026-08-31,Baseline,17,OBS-06,PO,"Prepare, amend or release a purchase order",C,Ordering,C,INCLUDE,VALID,4,4,Exact recorded interval,11:04,11:08,1L,0,,,,2;3;17,Mapped / C,Request-information entry and PO preparation are subactivities within the same order-preparation component. No duration split is inferred.,"Earlier enrichment identifies the request-to-PO execution sequence. Preserve the combined four minutes without splitting information entry, transfer and PO preparation.",,Arno,live_family,,,,4 / 4,17: OBS-06; 11:04 to 11:08,docs/measurement/Measure_Observation_2026-08-31.md,https://github.com/Luuuuuig/Bachelor-End-Project/blob/7ec78e840589c711c73055cf6215e3f90040ff8a/docs/measurement/Measure_Observation_2026-08-31.md,7ec78e840589c711c73055cf6215e3f90040ff8a,2026-09-21,| OBS-06 | PO | 11:04 | 11:08 | 1L | 0 |  |  |,"{""Case"": ""OBS-06"", ""Activity"": ""PO"", ""Start"": ""11:04"", ""End"": ""11:08"", ""Volume"": ""1L"", ""INT"": ""0"", ""DEC?"": """", ""Note"": """"}"
2026-08-31,Baseline,18,OBS-06,SEND,Send the purchase order to the supplier,C,Ordering,C,INCLUDE,VALID,3,3,Exact recorded interval,11:08,11:11,—,0,,SEND was completed at 11:11. Observation was unavailable from 11:11–11:17 after the SEND episode had ended; therefore this is not an interruption of OBS-06 SEND and INT remains 0.,,23,Mapped / C,Supplier-facing PO sending is documented. The subsequent observer-unavailable period lies outside this activity.,Previously documented supplier forwarding ended at 11:11. The later 11:11-11:17 observer-unavailable period is outside this row and does not create an interruption or additional buyer time.,,Arno,live_family,,,,3 / 3,18: OBS-06; 11:08 to 11:11,docs/measurement/Measure_Observation_2026-08-31.md,https://github.com/Luuuuuig/Bachelor-End-Project/blob/7ec78e840589c711c73055cf6215e3f90040ff8a/docs/measurement/Measure_Observation_2026-08-31.md,7ec78e840589c711c73055cf6215e3f90040ff8a,2026-09-21,| OBS-06 | SEND | 11:08 | 11:11 | — | 0 |  | SEND was completed at 11:11. Observation was unavailable from 11:11–11:17 after the SEND episode had ended; therefore this is not an interruption of OBS-06 SEND and INT remains 0. |,"{""Case"": ""OBS-06"", ""Activity"": ""SEND"", ""Start"": ""11:08"", ""End"": ""11:11"", ""Volume"": ""—"", ""INT"": ""0"", ""DEC?"": """", ""Note"": ""SEND was completed at 11:11. Observation was unavailable from 11:11–11:17 after the SEND episode had ended; therefore this is not an interruption of OBS-06 SEND and INT remains 0.""}"
2026-08-31,Baseline,19,OBS-07,REQ-email,Maintain purchasing master data,C,Unresolved stage,?,INCLUDE,VALID,,,Untimed,—,—,—,0,,Request: article input in Exact,,unassigned,U / C,The request explicitly concerns article-master input. Classify its administrative intake with that master-data work without asserting that creation occurred in this untimed row or assigning a purchasing stage.,"The request is specifically for article-master input in Exact. This administrative request is not, by itself, evidence of receiving a new purchasing need under Task 1. Its transaction-stage purpose is unknown.",,Arno,live_family,,,,n/a / n/a,19: OBS-07; untimed,docs/measurement/Measure_Observation_2026-08-31.md,https://github.com/Luuuuuig/Bachelor-End-Project/blob/7ec78e840589c711c73055cf6215e3f90040ff8a/docs/measurement/Measure_Observation_2026-08-31.md,7ec78e840589c711c73055cf6215e3f90040ff8a,2026-09-21,| OBS-07 | REQ-email | — | — | — | 0 |  | Request: article input in Exact |,"{""Case"": ""OBS-07"", ""Activity"": ""REQ-email"", ""Start"": ""—"", ""End"": ""—"", ""Volume"": ""—"", ""INT"": ""0"", ""DEC?"": """", ""Note"": ""Request: article input in Exact""}"
2026-08-31,Baseline,20,OBS-07,CLAR,Maintain purchasing master data,P,Unresolved stage,?,INCLUDE,VALID,2,2,Exact recorded interval,11:23,11:25,1L,0,,Write up information,,4,Mapped / P,Writing up information probably prepares the article-master record. The specific clarification remains uncertain; preserve provisional confidence and UNKNOWN stage.,Earlier enrichment identifies clarification/validation within article-master information preparation. Task 4 is provisional because the row itself says Write up information; specification versus maintenance of existing ordering data is unresolved.,,Arno,live_family,,,,2 / 2,20: OBS-07; 11:23 to 11:25,docs/measurement/Measure_Observation_2026-08-31.md,https://github.com/Luuuuuig/Bachelor-End-Project/blob/7ec78e840589c711c73055cf6215e3f90040ff8a/docs/measurement/Measure_Observation_2026-08-31.md,7ec78e840589c711c73055cf6215e3f90040ff8a,2026-09-21,| OBS-07 | CLAR | 11:23 | 11:25 | 1L | 0 |  | Write up information |,"{""Case"": ""OBS-07"", ""Activity"": ""CLAR"", ""Start"": ""11:23"", ""End"": ""11:25"", ""Volume"": ""1L"", ""INT"": ""0"", ""DEC?"": """", ""Note"": ""Write up information""}"
2026-08-31,Baseline,21,OBS-07,OTHER,Maintain purchasing master data,C,Unresolved stage,?,INCLUDE,VALID,4,4,Exact recorded interval,11:25,11:29,1L,0,,Input to Exact,,unassigned,U / C,Input of article-master information is explicit. It is separate from entry of PO lines and remains stage-unresolved support.,Previously documented article-master input is not the purchasing-entry/PO-line action of Tasks 2-3. Preserve known unregistered work and four eligible minutes; the stage depends on its unrecorded transaction purpose.,,Arno,live_family,,,,4 / 4,21: OBS-07; 11:25 to 11:29,docs/measurement/Measure_Observation_2026-08-31.md,https://github.com/Luuuuuig/Bachelor-End-Project/blob/7ec78e840589c711c73055cf6215e3f90040ff8a/docs/measurement/Measure_Observation_2026-08-31.md,7ec78e840589c711c73055cf6215e3f90040ff8a,2026-09-21,| OBS-07 | OTHER | 11:25 | 11:29 | 1L | 0 |  | Input to Exact |,"{""Case"": ""OBS-07"", ""Activity"": ""OTHER"", ""Start"": ""11:25"", ""End"": ""11:29"", ""Volume"": ""1L"", ""INT"": ""0"", ""DEC?"": """", ""Note"": ""Input to Exact""}"
2026-08-31,Baseline,22,OBS-07,SEND,Unresolved activity,?,Unresolved stage,?,INCLUDE,VALID,,,Untimed,—,—,1L,0,,Asking price? Instantaneous/tally occurrence; exact duration not measured because it happens in 30 seonds,,unassigned,U / C,"A brief price enquiry is recorded, but its purpose and recipient are insufficiently specified. Do not infer supplier choice, negotiation, master-price updating or completed information retrieval.","Earlier enrichment identifies a brief price request rather than PO forwarding. The purpose of the price enquiry is unknown; it does not prove supplier selection, contracting or Task 15 comparison. Occurrence only.",,Arno,live_family,,,,n/a / n/a,22: OBS-07; untimed,docs/measurement/Measure_Observation_2026-08-31.md,https://github.com/Luuuuuig/Bachelor-End-Project/blob/7ec78e840589c711c73055cf6215e3f90040ff8a/docs/measurement/Measure_Observation_2026-08-31.md,7ec78e840589c711c73055cf6215e3f90040ff8a,2026-09-21,| OBS-07 | SEND | — | — | 1L | 0 |  | Asking price? Instantaneous/tally occurrence; exact duration not measured because it happens in 30 seonds |,"{""Case"": ""OBS-07"", ""Activity"": ""SEND"", ""Start"": ""—"", ""End"": ""—"", ""Volume"": ""1L"", ""INT"": ""0"", ""DEC?"": """", ""Note"": ""Asking price? Instantaneous/tally occurrence; exact duration not measured because it happens in 30 seonds""}"
2026-08-31,Baseline,23,OBS-07,OTHER,Maintain purchasing master data,C,Unresolved stage,?,INCLUDE,VALID,2,2,Exact recorded interval,11:29,11:31,1L,0,,Attached info to article,,unassigned,U / C,"The information is explicitly attached to the article-master record, rather than to a supplier confirmation.",Information is attached to an article-master record. This is not supplier-confirmation archiving under Task 28; its purchasing-stage purpose is not established.,,Arno,live_family,,,,2 / 2,23: OBS-07; 11:29 to 11:31,docs/measurement/Measure_Observation_2026-08-31.md,https://github.com/Luuuuuig/Bachelor-End-Project/blob/7ec78e840589c711c73055cf6215e3f90040ff8a/docs/measurement/Measure_Observation_2026-08-31.md,7ec78e840589c711c73055cf6215e3f90040ff8a,2026-09-21,| OBS-07 | OTHER | 11:29 | 11:31 | 1L | 0 |  | Attached info to article |,"{""Case"": ""OBS-07"", ""Activity"": ""OTHER"", ""Start"": ""11:29"", ""End"": ""11:31"", ""Volume"": ""1L"", ""INT"": ""0"", ""DEC?"": """", ""Note"": ""Attached info to article""}"
2026-08-31,Baseline,24,OBS-07,OTHER,Maintain purchasing master data,C,Unresolved stage,?,INCLUDE,VALID,2,2,Exact recorded interval,11:35,11:37,1L,0,,Attached info to article,,unassigned,U / C,A further article-master information attachment is explicit. Retain its separate episode and UNKNOWN stage.,A further article-master information-attachment episode is explicitly recorded. Retain its own two minutes; do not assign Task 28 or infer a stage from Exact use.,,Arno,live_family,,,,2 / 2,24: OBS-07; 11:35 to 11:37,docs/measurement/Measure_Observation_2026-08-31.md,https://github.com/Luuuuuig/Bachelor-End-Project/blob/7ec78e840589c711c73055cf6215e3f90040ff8a/docs/measurement/Measure_Observation_2026-08-31.md,7ec78e840589c711c73055cf6215e3f90040ff8a,2026-09-21,| OBS-07 | OTHER | 11:35 | 11:37 | 1L | 0 |  | Attached info to article |,"{""Case"": ""OBS-07"", ""Activity"": ""OTHER"", ""Start"": ""11:35"", ""End"": ""11:37"", ""Volume"": ""1L"", ""INT"": ""0"", ""DEC?"": """", ""Note"": ""Attached info to article""}"
2026-08-31,Baseline,25,OBS-07,CLAR,Maintain purchasing master data,P,Unresolved stage,?,INCLUDE,VALID,2,2,Exact recorded interval,11:37,11:39,1L,0,Yes,2nd item that needs be inputted; asking question,,4,Mapped / P,"The question relates to the second article being entered, supporting probable master-data completion. Missing-field and specification details are unresolved.","The second article requires information and a question; earlier enrichment identifies clarification/validation. Task 4 is provisional, while requirement definition versus article-master completion remains unresolved.",,Arno,live_family,,,,2 / 2,25: OBS-07; 11:37 to 11:39,docs/measurement/Measure_Observation_2026-08-31.md,https://github.com/Luuuuuig/Bachelor-End-Project/blob/7ec78e840589c711c73055cf6215e3f90040ff8a/docs/measurement/Measure_Observation_2026-08-31.md,7ec78e840589c711c73055cf6215e3f90040ff8a,2026-09-21,| OBS-07 | CLAR | 11:37 | 11:39 | 1L | 0 | Yes | 2nd item that needs be inputted; asking question |,"{""Case"": ""OBS-07"", ""Activity"": ""CLAR"", ""Start"": ""11:37"", ""End"": ""11:39"", ""Volume"": ""1L"", ""INT"": ""0"", ""DEC?"": ""Yes"", ""Note"": ""2nd item that needs be inputted; asking question""}"
2026-08-31,Baseline,26,OBS-07,CLAR,Maintain purchasing master data,P,Unresolved stage,?,INCLUDE,VALID,4,4,Exact recorded interval,11:39,11:43,1L,1,,"2nd item, different comp.",,4,Mapped / P,Clarification concerns another component of the second article-master entry. The master-data activity is provisional; no requirement-development stage is inferred.,Recorded clarification concerns another component of the second article; the earlier enrichment supports probable Task 4 coverage. The specific missing information and purchasing stage are not established.,,Arno,live_family,,,,4 / 4,26: OBS-07; 11:39 to 11:43,docs/measurement/Measure_Observation_2026-08-31.md,https://github.com/Luuuuuig/Bachelor-End-Project/blob/7ec78e840589c711c73055cf6215e3f90040ff8a/docs/measurement/Measure_Observation_2026-08-31.md,7ec78e840589c711c73055cf6215e3f90040ff8a,2026-09-21,"| OBS-07 | CLAR | 11:39 | 11:43 | 1L | 1 |  | 2nd item, different comp. |","{""Case"": ""OBS-07"", ""Activity"": ""CLAR"", ""Start"": ""11:39"", ""End"": ""11:43"", ""Volume"": ""1L"", ""INT"": ""1"", ""DEC?"": """", ""Note"": ""2nd item, different comp.""}"
2026-08-31,Baseline,27,OBS-04,EXC,Unresolved activity,?,Unresolved stage,?,EXCLUDE_EXC,VALID,,2,Exact recorded interval,11:51,11:53,3L,0,,aftercare,,unassigned,Unresolved / ?,"Only excluded aftercare is identified. No status, delivery or post-receipt discrepancy subtype supports a narrower activity.",The original EXC label and aftercare note establish exclusion. No specific aftercare subtype or stage is given. This does not exclude this case's earlier order-processing rows.,,Arno,live_family,,,,2 / n/a,27: OBS-04; 11:51 to 11:53,docs/measurement/Measure_Observation_2026-08-31.md,https://github.com/Luuuuuig/Bachelor-End-Project/blob/7ec78e840589c711c73055cf6215e3f90040ff8a/docs/measurement/Measure_Observation_2026-08-31.md,7ec78e840589c711c73055cf6215e3f90040ff8a,2026-09-21,| OBS-04 | EXC | 11:51 | 11:53 | 3L | 0 |  | aftercare |,"{""Case"": ""OBS-04"", ""Activity"": ""EXC"", ""Start"": ""11:51"", ""End"": ""11:53"", ""Volume"": ""3L"", ""INT"": ""0"", ""DEC?"": """", ""Note"": ""aftercare""}"
2026-08-31,Baseline,28,OBS-08,REQ-Exact,Receive and complete a defined purchasing request,P,Ordering,P,INCLUDE,VALID,,,Untimed,—,—,—,0,,,,1,Mapped / C,"Exact demand intake is linked to subsequent PO preparation and forwarding, making defined-request intake probable without inferring a separate review step.",Earlier enrichment identifies Exact-originated purchasing demand. The linked PO preparation and supplier forwarding make ordering probable; no separate Exact review task is inferred.,,Arno,live_family,,,,n/a / n/a,28: OBS-08; untimed,docs/measurement/Measure_Observation_2026-08-31.md,https://github.com/Luuuuuig/Bachelor-End-Project/blob/7ec78e840589c711c73055cf6215e3f90040ff8a/docs/measurement/Measure_Observation_2026-08-31.md,7ec78e840589c711c73055cf6215e3f90040ff8a,2026-09-21,| OBS-08 | REQ-Exact | — | — | — | 0 |  |  |,"{""Case"": ""OBS-08"", ""Activity"": ""REQ-Exact"", ""Start"": ""—"", ""End"": ""—"", ""Volume"": ""—"", ""INT"": ""0"", ""DEC?"": """", ""Note"": """"}"
2026-08-31,Baseline,29,OBS-08,PO,"Prepare, amend or release a purchase order",C,Ordering,C,INCLUDE,VALID,1,1,Exact recorded interval,11:54,11:55,1L,1,Yes,Buy order amount of €900,,17,Mapped / C,"PO preparation is documented. The value and decision flag do not prove authorization checking, approval or release.",Earlier enrichment establishes PO preparation; retain Task 17 without converting the former 17-19 range into claimed authorization checking or release actions. The decision flag and commercial value do not prove those steps.,,Arno,live_family,,,,1 / 1,29: OBS-08; 11:54 to 11:55,docs/measurement/Measure_Observation_2026-08-31.md,https://github.com/Luuuuuig/Bachelor-End-Project/blob/7ec78e840589c711c73055cf6215e3f90040ff8a/docs/measurement/Measure_Observation_2026-08-31.md,7ec78e840589c711c73055cf6215e3f90040ff8a,2026-09-21,| OBS-08 | PO | 11:54 | 11:55 | 1L | 1 | Yes | Buy order amount of €900 |,"{""Case"": ""OBS-08"", ""Activity"": ""PO"", ""Start"": ""11:54"", ""End"": ""11:55"", ""Volume"": ""1L"", ""INT"": ""1"", ""DEC?"": ""Yes"", ""Note"": ""Buy order amount of €900""}"
2026-08-31,Baseline,30,OBS-08,SEND,Send the purchase order to the supplier,C,Ordering,C,INCLUDE,VALID,1,1,Exact recorded interval,11:58,11:59,—,0,,,,23,Mapped / C,The earlier enrichment explicitly identifies forwarding the PO to the supplier.,Earlier enrichment explicitly identifies the PO being forwarded. Retain the one recorded minute and original interruption/decision fields.,,Arno,live_family,,,,1 / 1,30: OBS-08; 11:58 to 11:59,docs/measurement/Measure_Observation_2026-08-31.md,https://github.com/Luuuuuig/Bachelor-End-Project/blob/7ec78e840589c711c73055cf6215e3f90040ff8a/docs/measurement/Measure_Observation_2026-08-31.md,7ec78e840589c711c73055cf6215e3f90040ff8a,2026-09-21,| OBS-08 | SEND | 11:58 | 11:59 | — | 0 |  |  |,"{""Case"": ""OBS-08"", ""Activity"": ""SEND"", ""Start"": ""11:58"", ""End"": ""11:59"", ""Volume"": ""—"", ""INT"": ""0"", ""DEC?"": """", ""Note"": """"}"
2026-08-31,Baseline,31,OBS-09,REQ-email,Receive and complete a defined purchasing request,P,Ordering,P,INCLUDE,VALID,,,Untimed,—,—,—,0,,,,1,Mapped / C,External request intake is linked to subsequent PO preparation and supplier forwarding. Preserve probable ordering-request interpretation.,"Earlier enrichment identifies an external purchasing request. Subsequent PO preparation and forwarding support a probable ordering context, without reconstructing the request contents.",,Arno,live_family,,,,n/a / n/a,31: OBS-09; untimed,docs/measurement/Measure_Observation_2026-08-31.md,https://github.com/Luuuuuig/Bachelor-End-Project/blob/7ec78e840589c711c73055cf6215e3f90040ff8a/docs/measurement/Measure_Observation_2026-08-31.md,7ec78e840589c711c73055cf6215e3f90040ff8a,2026-09-21,| OBS-09 | REQ-email | — | — | — | 0 |  |  |,"{""Case"": ""OBS-09"", ""Activity"": ""REQ-email"", ""Start"": ""—"", ""End"": ""—"", ""Volume"": ""—"", ""INT"": ""0"", ""DEC?"": """", ""Note"": """"}"
2026-08-31,Baseline,32,OBS-09,PO,"Prepare, amend or release a purchase order",C,Ordering,C,INCLUDE,VALID,1,1,Exact recorded interval,11:59,12:00,1L,1,Yes,"Buy amount of €2,000",,17,Mapped / C,PO preparation is documented; no authorization or release substep is inferred from the former task range or order value.,"Previously documented PO preparation supports Task 17. The former broad 17-19 range and EUR 2000 value do not independently establish authorization checking, Fiatteren or Verrichten.",,Arno,live_family,,,,1 / 1,32: OBS-09; 11:59 to 12:00,docs/measurement/Measure_Observation_2026-08-31.md,https://github.com/Luuuuuig/Bachelor-End-Project/blob/7ec78e840589c711c73055cf6215e3f90040ff8a/docs/measurement/Measure_Observation_2026-08-31.md,7ec78e840589c711c73055cf6215e3f90040ff8a,2026-09-21,"| OBS-09 | PO | 11:59 | 12:00 | 1L | 1 | Yes | Buy amount of €2,000 |","{""Case"": ""OBS-09"", ""Activity"": ""PO"", ""Start"": ""11:59"", ""End"": ""12:00"", ""Volume"": ""1L"", ""INT"": ""1"", ""DEC?"": ""Yes"", ""Note"": ""Buy amount of €2,000""}"
2026-08-31,Baseline,33,OBS-09,SEND,Send the purchase order to the supplier,C,Ordering,C,INCLUDE,VALID,1,1,Exact recorded interval,12:02,12:03,—,0,,,,23,Mapped / C,The earlier enrichment explicitly identifies supplier-facing PO forwarding.,Earlier enrichment explicitly identifies PO forwarding; retain the original one-minute episode.,,Arno,live_family,,,,1 / 1,33: OBS-09; 12:02 to 12:03,docs/measurement/Measure_Observation_2026-08-31.md,https://github.com/Luuuuuig/Bachelor-End-Project/blob/7ec78e840589c711c73055cf6215e3f90040ff8a/docs/measurement/Measure_Observation_2026-08-31.md,7ec78e840589c711c73055cf6215e3f90040ff8a,2026-09-21,| OBS-09 | SEND | 12:02 | 12:03 | — | 0 |  |  |,"{""Case"": ""OBS-09"", ""Activity"": ""SEND"", ""Start"": ""12:02"", ""End"": ""12:03"", ""Volume"": ""—"", ""INT"": ""0"", ""DEC?"": """", ""Note"": """"}"
2026-08-31,Baseline,34,OBS-10,REQ-Exact,Receive and complete a defined purchasing request,P,Ordering,P,INCLUDE,VALID,,,Untimed,—,—,—,0,,,,1,Mapped / P,Exact intake relates to the one-PC credit-card purchase variant. Defined-request intake remains provisional.,Exact intake is linked to the documented one-PC credit-card purchase variant. Purchasing-need intake and ordering context are probable; no duration or separate system-navigation task is added.,,Arno,live_family,,,,n/a / n/a,34: OBS-10; untimed,docs/measurement/Measure_Observation_2026-08-31.md,https://github.com/Luuuuuig/Bachelor-End-Project/blob/7ec78e840589c711c73055cf6215e3f90040ff8a/docs/measurement/Measure_Observation_2026-08-31.md,7ec78e840589c711c73055cf6215e3f90040ff8a,2026-09-21,| OBS-10 | REQ-Exact | — | — | — | 0 |  |  |,"{""Case"": ""OBS-10"", ""Activity"": ""REQ-Exact"", ""Start"": ""—"", ""End"": ""—"", ""Volume"": ""—"", ""INT"": ""0"", ""DEC?"": """", ""Note"": """"}"
2026-08-31,Baseline,35,OBS-10,CLAR,"Prepare, amend or release a purchase order",P,Ordering,P,INCLUDE,VALID,2,2,Exact recorded interval,12:06,12:08,1L,0,Yes,Credit-card action. This is a one-time purchase that is paid via credit card instead of the normal purchasing process. This case = 1 PC.,,unassigned,U / C,"The documented credit-card purchase route fits the catalog alternative-ordering-route subtype provisionally. It does not establish actual payment processing, commercial negotiation or pure decision time.","Previously documented one-time credit-card purchase route is outside the current detailed register. Its ordering purpose is probable; the note does not establish a specific contractual negotiation, payment processing action or pure decision duration.",,Arno,live_family,,,,2 / 2,35: OBS-10; 12:06 to 12:08,docs/measurement/Measure_Observation_2026-08-31.md,https://github.com/Luuuuuig/Bachelor-End-Project/blob/7ec78e840589c711c73055cf6215e3f90040ff8a/docs/measurement/Measure_Observation_2026-08-31.md,7ec78e840589c711c73055cf6215e3f90040ff8a,2026-09-21,| OBS-10 | CLAR | 12:06 | 12:08 | 1L | 0 | Yes | Credit-card action. This is a one-time purchase that is paid via credit card instead of the normal purchasing process. This case = 1 PC. |,"{""Case"": ""OBS-10"", ""Activity"": ""CLAR"", ""Start"": ""12:06"", ""End"": ""12:08"", ""Volume"": ""1L"", ""INT"": ""0"", ""DEC?"": ""Yes"", ""Note"": ""Credit-card action. This is a one-time purchase that is paid via credit card instead of the normal purchasing process. This case = 1 PC.""}"
2026-08-31,Baseline,36,OBS-11,REQ-Exact,Receive and complete a defined purchasing request,P,Ordering,P,INCLUDE,VALID,,,Untimed,—,—,—,0,,,,1,Mapped / C,The Exact-originated request feeds the documented MAX/HOLD/order case. Intake of a defined ordering need remains probable.,Exact-originated intake belongs to the documented MAX/HOLD/order case. Ordering is probable; no initial MAX outcome or decision reasoning is inferred from the intake.,,Arno,live_family,,,,n/a / n/a,36: OBS-11; untimed,docs/measurement/Measure_Observation_2026-08-31.md,https://github.com/Luuuuuig/Bachelor-End-Project/blob/7ec78e840589c711c73055cf6215e3f90040ff8a/docs/measurement/Measure_Observation_2026-08-31.md,7ec78e840589c711c73055cf6215e3f90040ff8a,2026-09-21,| OBS-11 | REQ-Exact | — | — | — | 0 |  |  |,"{""Case"": ""OBS-11"", ""Activity"": ""REQ-Exact"", ""Start"": ""—"", ""End"": ""—"", ""Volume"": ""—"", ""INT"": ""0"", ""DEC?"": """", ""Note"": """"}"
2026-08-31,Baseline,37,OBS-11,DEC,"Assess demand, consolidate and decide order timing",C,Ordering,C,INCLUDE,VALID,,,Untimed,—,—,—,0,Yes,MAX attempt failed; initial outcome was HOLD / leave until tomorrow.,,11,Mapped / C,The initial HOLD/leave-until-tomorrow outcome is explicit. This tally must not be counted as an additional decision beyond the same HOLD recorded in the following episode.,"The initial HOLD/leave-until-tomorrow outcome is explicitly recorded. Preserve this untimed decision row, but do not count it automatically as an additional distinct decision beyond the same HOLD described in the following PO episode.",,Arno,live_family,,,,n/a / n/a,37: OBS-11; untimed,docs/measurement/Measure_Observation_2026-08-31.md,https://github.com/Luuuuuig/Bachelor-End-Project/blob/7ec78e840589c711c73055cf6215e3f90040ff8a/docs/measurement/Measure_Observation_2026-08-31.md,7ec78e840589c711c73055cf6215e3f90040ff8a,2026-09-21,| OBS-11 | DEC | — | — | — | 0 | Yes | MAX attempt failed; initial outcome was HOLD / leave until tomorrow. |,"{""Case"": ""OBS-11"", ""Activity"": ""DEC"", ""Start"": ""—"", ""End"": ""—"", ""Volume"": ""—"", ""INT"": ""0"", ""DEC?"": ""Yes"", ""Note"": ""MAX attempt failed; initial outcome was HOLD / leave until tomorrow.""}"
2026-08-31,Baseline,38,OBS-11,PO,Combined activities,P,Ordering,C,INCLUDE,VALID,3,3,Exact recorded interval,12:09,12:12,—,0,Yes,MAX/PO episode. Initial decision was to leave it until tomorrow because the MAX attempt failed. About one minute later he returned and ordered it anyway; reason is unknown.,"Assess demand, consolidate and decide order timing; Prepare, amend or release a purchase order",7;11;17,Mapped / P,MAX/hold consideration and PO preparation are distinct supported grouped components in one recorded interval. Preserve uncertain reversal reasoning and no allocation of minutes between components.,"The source records combined MAX/PO work and an initial HOLD intention. Probable task coverage remains combined in the three minutes. The later reversal reason and exact boundaries are unresolved; no pure decision time, useful-demand finding or additional task duration is reconstructed.",,Arno,live_family,,,,3 / 3,38: OBS-11; 12:09 to 12:12,docs/measurement/Measure_Observation_2026-08-31.md,https://github.com/Luuuuuig/Bachelor-End-Project/blob/7ec78e840589c711c73055cf6215e3f90040ff8a/docs/measurement/Measure_Observation_2026-08-31.md,7ec78e840589c711c73055cf6215e3f90040ff8a,2026-09-21,| OBS-11 | PO | 12:09 | 12:12 | — | 0 | Yes | MAX/PO episode. Initial decision was to leave it until tomorrow because the MAX attempt failed. About one minute later he returned and ordered it anyway; reason is unknown. |,"{""Case"": ""OBS-11"", ""Activity"": ""PO"", ""Start"": ""12:09"", ""End"": ""12:12"", ""Volume"": ""—"", ""INT"": ""0"", ""DEC?"": ""Yes"", ""Note"": ""MAX/PO episode. Initial decision was to leave it until tomorrow because the MAX attempt failed. About one minute later he returned and ordered it anyway; reason is unknown.""}"
2026-08-31,Baseline,39,OBS-11,PO,"Prepare, amend or release a purchase order",P,Ordering,C,INCLUDE,VALID,,,Untimed,—,—,—,0,Yes,Returned approximately one minute later and ordered after the earlier HOLD intention. Exact resumption time and reason were not captured; retained as an untimed known resumption.,,17,Mapped / P,"The later return to ordering is known, with probable Task 17 coverage. Exact resumption time and motive are absent; no duration is reconstructed.",The source confirms a later ordering resumption but not its precise time or reason. Task 17 is probable; retain a known untimed occurrence without estimating the one-minute gap as duration.,,Arno,live_family,,,,n/a / n/a,39: OBS-11; untimed,docs/measurement/Measure_Observation_2026-08-31.md,https://github.com/Luuuuuig/Bachelor-End-Project/blob/7ec78e840589c711c73055cf6215e3f90040ff8a/docs/measurement/Measure_Observation_2026-08-31.md,7ec78e840589c711c73055cf6215e3f90040ff8a,2026-09-21,| OBS-11 | PO | — | — | — | 0 | Yes | Returned approximately one minute later and ordered after the earlier HOLD intention. Exact resumption time and reason were not captured; retained as an untimed known resumption. |,"{""Case"": ""OBS-11"", ""Activity"": ""PO"", ""Start"": ""—"", ""End"": ""—"", ""Volume"": ""—"", ""INT"": ""0"", ""DEC?"": ""Yes"", ""Note"": ""Returned approximately one minute later and ordered after the earlier HOLD intention. Exact resumption time and reason were not captured; retained as an untimed known resumption.""}"
2026-08-31,Baseline,40,OBS-12,REQ-Exact,Receive and complete a defined purchasing request,P,Ordering,P,INCLUDE,VALID,,,Untimed,—,—,—,0,,,,1,Mapped / C,Exact intake is linked to documented PO preparation and forwarding. Preserve the probable ordering-request purpose and untimed occurrence.,Previously documented Exact-originated demand leads to PO preparation and forwarding. Ordering context is probable; the intake remains untimed.,,Arno,live_family,,,,n/a / n/a,40: OBS-12; untimed,docs/measurement/Measure_Observation_2026-08-31.md,https://github.com/Luuuuuig/Bachelor-End-Project/blob/7ec78e840589c711c73055cf6215e3f90040ff8a/docs/measurement/Measure_Observation_2026-08-31.md,7ec78e840589c711c73055cf6215e3f90040ff8a,2026-09-21,| OBS-12 | REQ-Exact | — | — | — | 0 |  |  |,"{""Case"": ""OBS-12"", ""Activity"": ""REQ-Exact"", ""Start"": ""—"", ""End"": ""—"", ""Volume"": ""—"", ""INT"": ""0"", ""DEC?"": """", ""Note"": """"}"
2026-08-31,Baseline,41,OBS-12,PO,"Prepare, amend or release a purchase order",C,Ordering,C,INCLUDE,VALID,2,2,Exact recorded interval,12:15,12:17,1L,0,Yes,"1 line, purchase amount of €411",,17,Mapped / C,PO preparation is documented; the broad historical task range does not establish additional authorization or release actions.,Previously documented PO preparation supports Task 17. The former 17-19 range does not by itself establish authorization or release substeps; keep the two-minute episode intact.,,Arno,live_family,,,,2 / 2,41: OBS-12; 12:15 to 12:17,docs/measurement/Measure_Observation_2026-08-31.md,https://github.com/Luuuuuig/Bachelor-End-Project/blob/7ec78e840589c711c73055cf6215e3f90040ff8a/docs/measurement/Measure_Observation_2026-08-31.md,7ec78e840589c711c73055cf6215e3f90040ff8a,2026-09-21,"| OBS-12 | PO | 12:15 | 12:17 | 1L | 0 | Yes | 1 line, purchase amount of €411 |","{""Case"": ""OBS-12"", ""Activity"": ""PO"", ""Start"": ""12:15"", ""End"": ""12:17"", ""Volume"": ""1L"", ""INT"": ""0"", ""DEC?"": ""Yes"", ""Note"": ""1 line, purchase amount of €411""}"
2026-08-31,Baseline,42,OBS-12,SEND,Send the purchase order to the supplier,C,Ordering,C,INCLUDE,VALID,2,2,Exact recorded interval,12:17,12:19,—,0,,,,23,Mapped / C,The earlier enrichment explicitly identifies supplier-facing PO forwarding.,Earlier enrichment explicitly identifies forwarding this PO. No other task or duration is inferred.,,Arno,live_family,,,,2 / 2,42: OBS-12; 12:17 to 12:19,docs/measurement/Measure_Observation_2026-08-31.md,https://github.com/Luuuuuig/Bachelor-End-Project/blob/7ec78e840589c711c73055cf6215e3f90040ff8a/docs/measurement/Measure_Observation_2026-08-31.md,7ec78e840589c711c73055cf6215e3f90040ff8a,2026-09-21,| OBS-12 | SEND | 12:17 | 12:19 | — | 0 |  |  |,"{""Case"": ""OBS-12"", ""Activity"": ""SEND"", ""Start"": ""12:17"", ""End"": ""12:19"", ""Volume"": ""—"", ""INT"": ""0"", ""DEC?"": """", ""Note"": """"}"
2026-08-31,Baseline,43,OBS-13,REQ-Exact,Unresolved activity,?,Unresolved stage,?,INCLUDE,VALID,,,Untimed,—,—,—,0,,,,1,Mapped / C,"Exact-originated intake is known, but subsequent unspecified information enquiries do not establish requirement definition or defined-request completion.","Exact-originated purchasing-need intake is supported by the earlier enrichment. Subsequent calls obtain unspecified information, so the purchasing stage remains unresolved.",,Arno,live_family,,,,n/a / n/a,43: OBS-13; untimed,docs/measurement/Measure_Observation_2026-08-31.md,https://github.com/Luuuuuig/Bachelor-End-Project/blob/7ec78e840589c711c73055cf6215e3f90040ff8a/docs/measurement/Measure_Observation_2026-08-31.md,7ec78e840589c711c73055cf6215e3f90040ff8a,2026-09-21,| OBS-13 | REQ-Exact | — | — | — | 0 |  |  |,"{""Case"": ""OBS-13"", ""Activity"": ""REQ-Exact"", ""Start"": ""—"", ""End"": ""—"", ""Volume"": ""—"", ""INT"": ""0"", ""DEC?"": """", ""Note"": """"}"
2026-08-31,Baseline,44,OBS-13,CLAR,Unresolved activity,?,Unresolved stage,?,INCLUDE,VALID,8,8,Exact recorded interval,12:19,12:27,—,0,,"Needed to call an external party for information. After the external call, an internal call was also needed, but the colleague was unavailable, so the case was left.",,4,Mapped / P,External and internal information enquiries are known; their missing-information object and purchasing purpose are not. The activity is not identified as retrieval of an existing document.,"Earlier enrichment relates the external/internal enquiry to request information validation. Task 4 is probable, but the missing information and its transaction-stage purpose are unspecified. Keep all eight eligible minutes without inferring specification or ordering.",,Arno,live_family,,,,8 / 8,44: OBS-13; 12:19 to 12:27,docs/measurement/Measure_Observation_2026-08-31.md,https://github.com/Luuuuuig/Bachelor-End-Project/blob/7ec78e840589c711c73055cf6215e3f90040ff8a/docs/measurement/Measure_Observation_2026-08-31.md,7ec78e840589c711c73055cf6215e3f90040ff8a,2026-09-21,"| OBS-13 | CLAR | 12:19 | 12:27 | — | 0 |  | Needed to call an external party for information. After the external call, an internal call was also needed, but the colleague was unavailable, so the case was left. |","{""Case"": ""OBS-13"", ""Activity"": ""CLAR"", ""Start"": ""12:19"", ""End"": ""12:27"", ""Volume"": ""—"", ""INT"": ""0"", ""DEC?"": """", ""Note"": ""Needed to call an external party for information. After the external call, an internal call was also needed, but the colleague was unavailable, so the case was left.""}"
2026-08-31,Baseline,45,OBS-12,CHECK,Check and process supplier confirmations,C,Monitoring,C,INCLUDE,VALID,4,4,Exact recorded interval,13:19,13:23,1L,0,,Geen leverdatum,,26,Mapped / C,Documented post-order information/confirmation checking identifies a missing delivery date. Do not add a correction or expediting action.,"Earlier enrichment explicitly identifies post-order information/confirmation checking; the note records a missing delivery date. No follow-up, correction or receipt is inferred.",,Arno,live_family,,,,4 / 4,45: OBS-12; 13:19 to 13:23,docs/measurement/Measure_Observation_2026-08-31.md,https://github.com/Luuuuuig/Bachelor-End-Project/blob/7ec78e840589c711c73055cf6215e3f90040ff8a/docs/measurement/Measure_Observation_2026-08-31.md,7ec78e840589c711c73055cf6215e3f90040ff8a,2026-09-21,| OBS-12 | CHECK | 13:19 | 13:23 | 1L | 0 |  | Geen leverdatum |,"{""Case"": ""OBS-12"", ""Activity"": ""CHECK"", ""Start"": ""13:19"", ""End"": ""13:23"", ""Volume"": ""1L"", ""INT"": ""0"", ""DEC?"": """", ""Note"": ""Geen leverdatum""}"
2026-08-31,Baseline,46,OBS-09,CHECK,Unresolved activity,?,Unresolved stage,?,INCLUDE,VALID,1,1,Exact recorded interval,13:23,13:24,1L,0,,,,unassigned,Unresolved / ?,The later CHECK has no identified object or control point. A previously sent PO does not establish confirmation processing.,The afternoon CHECK has no subtype note or specific prior enrichment. An earlier sent PO in the same case does not establish what was compared now. Keep its one eligible minute and unresolved stage.,,Arno,live_family,,,,1 / 1,46: OBS-09; 13:23 to 13:24,docs/measurement/Measure_Observation_2026-08-31.md,https://github.com/Luuuuuig/Bachelor-End-Project/blob/7ec78e840589c711c73055cf6215e3f90040ff8a/docs/measurement/Measure_Observation_2026-08-31.md,7ec78e840589c711c73055cf6215e3f90040ff8a,2026-09-21,| OBS-09 | CHECK | 13:23 | 13:24 | 1L | 0 |  |  |,"{""Case"": ""OBS-09"", ""Activity"": ""CHECK"", ""Start"": ""13:23"", ""End"": ""13:24"", ""Volume"": ""1L"", ""INT"": ""0"", ""DEC?"": """", ""Note"": """"}"
2026-08-31,Baseline,47,OBS-14,REQ-Exact,Receive and complete a defined purchasing request,P,Ordering,P,INCLUDE,VALID,,,Untimed,—,—,—,0,,,,1,Mapped / P,"Exact intake is linked to a credit-card purchasing route, supporting probable defined-request intake.",Exact intake is linked to the documented credit-card purchase-route decision. Task 1 and ordering context are probable; the source supplies no separate intake duration.,,Arno,live_family,,,,n/a / n/a,47: OBS-14; untimed,docs/measurement/Measure_Observation_2026-08-31.md,https://github.com/Luuuuuig/Bachelor-End-Project/blob/7ec78e840589c711c73055cf6215e3f90040ff8a/docs/measurement/Measure_Observation_2026-08-31.md,7ec78e840589c711c73055cf6215e3f90040ff8a,2026-09-21,| OBS-14 | REQ-Exact | — | — | — | 0 |  |  |,"{""Case"": ""OBS-14"", ""Activity"": ""REQ-Exact"", ""Start"": ""—"", ""End"": ""—"", ""Volume"": ""—"", ""INT"": ""0"", ""DEC?"": """", ""Note"": """"}"
2026-08-31,Baseline,48,OBS-14,DEC,"Prepare, amend or release a purchase order",P,Ordering,P,INCLUDE,VALID,,,Untimed,—,—,—,0,Yes,Credit card,,unassigned,U / C,The credit-card route decision fits the alternative-ordering-route subtype provisionally. Preserve the untimed decision without asserting contracting or payment execution.,"The original decision concerns the credit-card purchase variant, outside the current register. Ordering context is probable; no contracting negotiation or timed cognition is asserted.",,Arno,live_family,,,,n/a / n/a,48: OBS-14; untimed,docs/measurement/Measure_Observation_2026-08-31.md,https://github.com/Luuuuuig/Bachelor-End-Project/blob/7ec78e840589c711c73055cf6215e3f90040ff8a/docs/measurement/Measure_Observation_2026-08-31.md,7ec78e840589c711c73055cf6215e3f90040ff8a,2026-09-21,| OBS-14 | DEC | — | — | — | 0 | Yes | Credit card |,"{""Case"": ""OBS-14"", ""Activity"": ""DEC"", ""Start"": ""—"", ""End"": ""—"", ""Volume"": ""—"", ""INT"": ""0"", ""DEC?"": ""Yes"", ""Note"": ""Credit card""}"
2026-08-31,Baseline,49,OBS-14,SEND,"Prepare, amend or release a purchase order",P,Ordering,P,INCLUDE,VALID,1,1,Exact recorded interval,13:25,13:26,—,0,,Inform colleague,,unassigned,U / C,"Informing a colleague supports the documented credit-card ordering route. Classify as provisional coordination within that route, not supplier-facing PO forwarding.","The source and earlier enrichment identify informing a colleague within the credit-card purchase case, rather than supplier PO forwarding. Ordering-related coordination is probable; no Task 23 is assigned.",,Arno,live_family,,,,1 / 1,49: OBS-14; 13:25 to 13:26,docs/measurement/Measure_Observation_2026-08-31.md,https://github.com/Luuuuuig/Bachelor-End-Project/blob/7ec78e840589c711c73055cf6215e3f90040ff8a/docs/measurement/Measure_Observation_2026-08-31.md,7ec78e840589c711c73055cf6215e3f90040ff8a,2026-09-21,| OBS-14 | SEND | 13:25 | 13:26 | — | 0 |  | Inform colleague |,"{""Case"": ""OBS-14"", ""Activity"": ""SEND"", ""Start"": ""13:25"", ""End"": ""13:26"", ""Volume"": ""—"", ""INT"": ""0"", ""DEC?"": """", ""Note"": ""Inform colleague""}"
2026-08-31,Baseline,50,OBS-15,REQ-Exact,Receive and complete a defined purchasing request,P,Ordering,P,INCLUDE,VALID,,,Untimed,—,—,—,0,,,,1,Mapped / C,"Exact demand intake precedes the documented MAX/PO episode, giving probable defined-request intake.",Previously documented Exact demand intake precedes the documented MAX/PO episode. Ordering is probable; retain the untimed occurrence.,,Arno,live_family,,,,n/a / n/a,50: OBS-15; untimed,docs/measurement/Measure_Observation_2026-08-31.md,https://github.com/Luuuuuig/Bachelor-End-Project/blob/7ec78e840589c711c73055cf6215e3f90040ff8a/docs/measurement/Measure_Observation_2026-08-31.md,7ec78e840589c711c73055cf6215e3f90040ff8a,2026-09-21,| OBS-15 | REQ-Exact | — | — | — | 0 |  |  |,"{""Case"": ""OBS-15"", ""Activity"": ""REQ-Exact"", ""Start"": ""—"", ""End"": ""—"", ""Volume"": ""—"", ""INT"": ""0"", ""DEC?"": """", ""Note"": """"}"
2026-08-31,Baseline,51,OBS-15,DEC,"Assess demand, consolidate and decide order timing",P,Ordering,C,INCLUDE,VALID,,,Untimed,—,—,—,0,Yes,MAX,,unassigned,Unresolved / ?,The tally states MAX but does not identify an independent decision or precise substep. Link provisionally to demand/consolidation work without adding an event beyond the following combined episode.,"The standalone DEC note says only MAX, while the next timed episode already includes MAX and a decision flag. No distinct decision task or extra decision count is established; preserve the raw tally without duplicating the following event.",,Arno,live_family,,,,n/a / n/a,51: OBS-15; untimed,docs/measurement/Measure_Observation_2026-08-31.md,https://github.com/Luuuuuig/Bachelor-End-Project/blob/7ec78e840589c711c73055cf6215e3f90040ff8a/docs/measurement/Measure_Observation_2026-08-31.md,7ec78e840589c711c73055cf6215e3f90040ff8a,2026-09-21,| OBS-15 | DEC | — | — | — | 0 | Yes | MAX |,"{""Case"": ""OBS-15"", ""Activity"": ""DEC"", ""Start"": ""—"", ""End"": ""—"", ""Volume"": ""—"", ""INT"": ""0"", ""DEC?"": ""Yes"", ""Note"": ""MAX""}"
2026-08-31,Baseline,52,OBS-15,PO,Combined activities,P,Ordering,C,INCLUDE,VALID,5,5,Exact recorded interval,13:26,13:31,16L,0,Yes,"MAX and PO occurred seamlessly: 12L original; 4L added; 16L total. Treat the 5 minutes as combined PO/MAX active time, not pure decision time.","Assess demand, consolidate and decide order timing; Prepare, amend or release a purchase order",7;9;17,Mapped / P,"Four same-supplier lines are added during seamless MAX and PO work. Demand consolidation and PO preparation are distinct supported catalog components, retained as one five-minute episode.","Explicit seamless MAX/PO work added four same-supplier lines to twelve. Search/consolidation and PO preparation are probable combined task coverage; no separate Task 8 choice, post-MAX outcome or minute split is inferred.",,Arno,live_family,,,,5 / 5,52: OBS-15; 13:26 to 13:31,docs/measurement/Measure_Observation_2026-08-31.md,https://github.com/Luuuuuig/Bachelor-End-Project/blob/7ec78e840589c711c73055cf6215e3f90040ff8a/docs/measurement/Measure_Observation_2026-08-31.md,7ec78e840589c711c73055cf6215e3f90040ff8a,2026-09-21,"| OBS-15 | PO | 13:26 | 13:31 | 16L | 0 | Yes | MAX and PO occurred seamlessly: 12L original; 4L added; 16L total. Treat the 5 minutes as combined PO/MAX active time, not pure decision time. |","{""Case"": ""OBS-15"", ""Activity"": ""PO"", ""Start"": ""13:26"", ""End"": ""13:31"", ""Volume"": ""16L"", ""INT"": ""0"", ""DEC?"": ""Yes"", ""Note"": ""MAX and PO occurred seamlessly: 12L original; 4L added; 16L total. Treat the 5 minutes as combined PO/MAX active time, not pure decision time.""}"
2026-08-31,Baseline,53,OBS-15,SEND,Send the purchase order to the supplier,C,Ordering,C,INCLUDE,VALID,1,1,Exact recorded interval,13:33,13:34,—,0,,,,23,Mapped / C,The earlier enrichment identifies supplier-facing PO forwarding. Preserve written source order.,Earlier enrichment identifies forwarding the PO. Preserve its written row order even though another case has an earlier clock interval.,,Arno,live_family,,,,1 / 1,53: OBS-15; 13:33 to 13:34,docs/measurement/Measure_Observation_2026-08-31.md,https://github.com/Luuuuuig/Bachelor-End-Project/blob/7ec78e840589c711c73055cf6215e3f90040ff8a/docs/measurement/Measure_Observation_2026-08-31.md,7ec78e840589c711c73055cf6215e3f90040ff8a,2026-09-21,| OBS-15 | SEND | 13:33 | 13:34 | — | 0 |  |  |,"{""Case"": ""OBS-15"", ""Activity"": ""SEND"", ""Start"": ""13:33"", ""End"": ""13:34"", ""Volume"": ""—"", ""INT"": ""0"", ""DEC?"": """", ""Note"": """"}"
2026-08-31,Baseline,54,OBS-16,REQ-Exact,Receive and complete a defined purchasing request,P,Ordering,P,INCLUDE,VALID,,,Untimed,—,—,—,0,,,,1,Mapped / C,Exact-originated intake belongs to the original order preparation. Its probable defined-request purpose is independent of later unpaid-PO aftercare.,Previously documented Exact intake belongs to this case's original order preparation. It remains eligible independently of the later unpaid-PO aftercare call.,,Arno,live_family,,,,n/a / n/a,54: OBS-16; untimed,docs/measurement/Measure_Observation_2026-08-31.md,https://github.com/Luuuuuig/Bachelor-End-Project/blob/7ec78e840589c711c73055cf6215e3f90040ff8a/docs/measurement/Measure_Observation_2026-08-31.md,7ec78e840589c711c73055cf6215e3f90040ff8a,2026-09-21,| OBS-16 | REQ-Exact | — | — | — | 0 |  |  |,"{""Case"": ""OBS-16"", ""Activity"": ""REQ-Exact"", ""Start"": ""—"", ""End"": ""—"", ""Volume"": ""—"", ""INT"": ""0"", ""DEC?"": """", ""Note"": """"}"
2026-08-31,Baseline,55,OBS-16,PO,"Prepare, amend or release a purchase order",C,Ordering,C,INCLUDE,VALID,1,1,Exact recorded interval,13:32,13:33,4L,0,,Order amount: €422,,17,Mapped / C,Original PO preparation is documented. Later payment-related aftercare does not alter its activity or establish approval/release substeps.,Previously documented PO preparation supports Task 17 only; the order value and former 17-19 range do not establish separate authorization/release actions. Later aftercare does not exclude this original preparation.,,Arno,live_family,,,,1 / 1,55: OBS-16; 13:32 to 13:33,docs/measurement/Measure_Observation_2026-08-31.md,https://github.com/Luuuuuig/Bachelor-End-Project/blob/7ec78e840589c711c73055cf6215e3f90040ff8a/docs/measurement/Measure_Observation_2026-08-31.md,7ec78e840589c711c73055cf6215e3f90040ff8a,2026-09-21,| OBS-16 | PO | 13:32 | 13:33 | 4L | 0 |  | Order amount: €422 |,"{""Case"": ""OBS-16"", ""Activity"": ""PO"", ""Start"": ""13:32"", ""End"": ""13:33"", ""Volume"": ""4L"", ""INT"": ""0"", ""DEC?"": """", ""Note"": ""Order amount: €422""}"
2026-08-31,Baseline,56,OBS-16,SEND,Send the purchase order to the supplier,C,Ordering,C,INCLUDE,VALID,1,1,Exact recorded interval,13:34,13:35,—,0,,Corrected from 13:33–13:35; original entry was a timing typo.,,23,Mapped / C,Supplier-facing PO forwarding is documented in the source-corrected interval. Subsequent aftercare is a different episode.,Previously documented forwarding retains the source-verified corrected interval 13:34-13:35. Later aftercare does not exclude this row.,,Arno,live_family,,,,1 / 1,56: OBS-16; 13:34 to 13:35,docs/measurement/Measure_Observation_2026-08-31.md,https://github.com/Luuuuuig/Bachelor-End-Project/blob/7ec78e840589c711c73055cf6215e3f90040ff8a/docs/measurement/Measure_Observation_2026-08-31.md,7ec78e840589c711c73055cf6215e3f90040ff8a,2026-09-21,| OBS-16 | SEND | 13:34 | 13:35 | — | 0 |  | Corrected from 13:33–13:35; original entry was a timing typo. |,"{""Case"": ""OBS-16"", ""Activity"": ""SEND"", ""Start"": ""13:34"", ""End"": ""13:35"", ""Volume"": ""—"", ""INT"": ""0"", ""DEC?"": """", ""Note"": ""Corrected from 13:33–13:35; original entry was a timing typo.""}"
2026-08-31,Baseline,57,OBS-17,EXC,Unresolved activity,?,Unresolved stage,?,EXCLUDE_EXC,VALID,,2,Exact recorded interval,13:50,13:52,—,0,,Aftercare of a PO from last week,,unassigned,Unresolved / ?,Prior-week PO aftercare lacks a specified action or transaction position; no narrower status-follow-up or post-receipt discrepancy activity is established.,"Prior-week PO aftercare is explicitly EXC, but the specific action and whether it concerns open-order monitoring or post-receipt follow-up are not stated. Exclude without imposing a stage.",,Arno,live_family,,,,2 / n/a,57: OBS-17; 13:50 to 13:52,docs/measurement/Measure_Observation_2026-08-31.md,https://github.com/Luuuuuig/Bachelor-End-Project/blob/7ec78e840589c711c73055cf6215e3f90040ff8a/docs/measurement/Measure_Observation_2026-08-31.md,7ec78e840589c711c73055cf6215e3f90040ff8a,2026-09-21,| OBS-17 | EXC | 13:50 | 13:52 | — | 0 |  | Aftercare of a PO from last week |,"{""Case"": ""OBS-17"", ""Activity"": ""EXC"", ""Start"": ""13:50"", ""End"": ""13:52"", ""Volume"": ""—"", ""INT"": ""0"", ""DEC?"": """", ""Note"": ""Aftercare of a PO from last week""}"
2026-08-31,Baseline,58,OBS-01,CLAR,Establish or clarify purchasing requirements,C,Specification,C,INCLUDE,VALID,3,3,Exact recorded interval,13:52,13:55,—,0,,Call back to colleague. Primer-C case; two small portions of Primer-C.,,4,Mapped / C,The colleague call clarifies the Primer-C requirement as two small portions; subsequent order preparation is recorded separately.,The colleague call resolves the Primer-C requirement as two small portions. This is requirement clarification; the following PO action is a separate ordering episode.,,Arno,live_family,,,,3 / 3,58: OBS-01; 13:52 to 13:55,docs/measurement/Measure_Observation_2026-08-31.md,https://github.com/Luuuuuig/Bachelor-End-Project/blob/7ec78e840589c711c73055cf6215e3f90040ff8a/docs/measurement/Measure_Observation_2026-08-31.md,7ec78e840589c711c73055cf6215e3f90040ff8a,2026-09-21,| OBS-01 | CLAR | 13:52 | 13:55 | — | 0 |  | Call back to colleague. Primer-C case; two small portions of Primer-C. |,"{""Case"": ""OBS-01"", ""Activity"": ""CLAR"", ""Start"": ""13:52"", ""End"": ""13:55"", ""Volume"": ""—"", ""INT"": ""0"", ""DEC?"": """", ""Note"": ""Call back to colleague. Primer-C case; two small portions of Primer-C.""}"
2026-08-31,Baseline,59,OBS-01,PO,"Prepare, amend or release a purchase order",C,Ordering,C,INCLUDE,VALID,1,1,Exact recorded interval,13:55,13:56,—,0,,"Timing retained as originally recorded. OBS-16 CLAR starts at 13:56, so there is no remaining overlap.",,17,Mapped / C,The PO action following Primer-C clarification is documented as order preparation.,Earlier enrichment identifies the PO action following Primer-C clarification. Preserve the original one-minute interval; it does not overlap the next recorded call.,,Arno,live_family,,,,1 / 1,59: OBS-01; 13:55 to 13:56,docs/measurement/Measure_Observation_2026-08-31.md,https://github.com/Luuuuuig/Bachelor-End-Project/blob/7ec78e840589c711c73055cf6215e3f90040ff8a/docs/measurement/Measure_Observation_2026-08-31.md,7ec78e840589c711c73055cf6215e3f90040ff8a,2026-09-21,"| OBS-01 | PO | 13:55 | 13:56 | — | 0 |  | Timing retained as originally recorded. OBS-16 CLAR starts at 13:56, so there is no remaining overlap. |","{""Case"": ""OBS-01"", ""Activity"": ""PO"", ""Start"": ""13:55"", ""End"": ""13:56"", ""Volume"": ""—"", ""INT"": ""0"", ""DEC?"": """", ""Note"": ""Timing retained as originally recorded. OBS-16 CLAR starts at 13:56, so there is no remaining overlap.""}"
2026-08-31,Baseline,60,OBS-16,REQ-call,Follow up order status or delivery commitments,P,Monitoring,P,EXCLUDE_AFTERCARE,VALID,,,Untimed,—,—,—,0,,,,unassigned,U / C,"Phone intake concerns older unpaid orders blocking the current order, supporting probable order-fulfilment follow-up. It remains excluded aftercare and untimed.","This phone intake belongs to the immediately following supplier enquiry about unpaid old POs blocking the order. It is aftercare intake, not a new purchasing need. Monitoring context is probable; no duration is recorded.",,Arno,live_family,,,,n/a / n/a,60: OBS-16; untimed,docs/measurement/Measure_Observation_2026-08-31.md,https://github.com/Luuuuuig/Bachelor-End-Project/blob/7ec78e840589c711c73055cf6215e3f90040ff8a/docs/measurement/Measure_Observation_2026-08-31.md,7ec78e840589c711c73055cf6215e3f90040ff8a,2026-09-21,| OBS-16 | REQ-call | — | — | — | 0 |  |  |,"{""Case"": ""OBS-16"", ""Activity"": ""REQ-call"", ""Start"": ""—"", ""End"": ""—"", ""Volume"": ""—"", ""INT"": ""0"", ""DEC?"": """", ""Note"": """"}"
2026-08-31,Baseline,61,OBS-16,CLAR,Follow up order status or delivery commitments,P,Monitoring,P,EXCLUDE_AFTERCARE,VALID,,6,Exact recorded interval,13:56,14:02,—,0,,Supplier call. There are old POs for which Finance has not paid. The supplier informed Arno that they therefore could not proceed with the OBS-16 order.,,unassigned,U / C,Supplier communication concerns a payment block preventing order fulfilment. Monitoring-related follow-up is provisional and remains excluded aftercare; it is not a Finance-returned investigation.,Supplier communication about unpaid older POs preventing order fulfilment is documented aftercare. This is not a Finance-returned investigation under Task 30. Exclude the six minutes without excluding earlier ordinary PO work in this case.,,Arno,live_family,,,,6 / n/a,61: OBS-16; 13:56 to 14:02,docs/measurement/Measure_Observation_2026-08-31.md,https://github.com/Luuuuuig/Bachelor-End-Project/blob/7ec78e840589c711c73055cf6215e3f90040ff8a/docs/measurement/Measure_Observation_2026-08-31.md,7ec78e840589c711c73055cf6215e3f90040ff8a,2026-09-21,| OBS-16 | CLAR | 13:56 | 14:02 | — | 0 |  | Supplier call. There are old POs for which Finance has not paid. The supplier informed Arno that they therefore could not proceed with the OBS-16 order. |,"{""Case"": ""OBS-16"", ""Activity"": ""CLAR"", ""Start"": ""13:56"", ""End"": ""14:02"", ""Volume"": ""—"", ""INT"": ""0"", ""DEC?"": """", ""Note"": ""Supplier call. There are old POs for which Finance has not paid. The supplier informed Arno that they therefore could not proceed with the OBS-16 order.""}"
2026-08-31,Baseline,62,OBS-16,OTHER,Follow up order status or delivery commitments,P,Monitoring,P,EXCLUDE_AFTERCARE,VALID,,2,Exact recorded interval,14:02,14:04,—,0,,Inform Finance,,unassigned,U / C,"The Finance hand-off continues the supplier-payment block affecting fulfilment, so order-progress follow-up is provisional. This does not establish a discrepancy investigation under Task 30.","Informing Finance is part of the documented supplier-payment block and related aftercare, not Task 30's Finance-return trigger. Monitoring context is probable; exclude the two minutes independently of the original order preparation.",,Arno,live_family,,,,2 / n/a,62: OBS-16; 14:02 to 14:04,docs/measurement/Measure_Observation_2026-08-31.md,https://github.com/Luuuuuig/Bachelor-End-Project/blob/7ec78e840589c711c73055cf6215e3f90040ff8a/docs/measurement/Measure_Observation_2026-08-31.md,7ec78e840589c711c73055cf6215e3f90040ff8a,2026-09-21,| OBS-16 | OTHER | 14:02 | 14:04 | — | 0 |  | Inform Finance |,"{""Case"": ""OBS-16"", ""Activity"": ""OTHER"", ""Start"": ""14:02"", ""End"": ""14:04"", ""Volume"": ""—"", ""INT"": ""0"", ""DEC?"": """", ""Note"": ""Inform Finance""}"
2026-08-31,Baseline,63,OBS-07,CLAR,Maintain purchasing master data,P,Unresolved stage,?,INCLUDE,VALID,1,1,Exact recorded interval,14:04,14:05,—,0,,Clarification needed for item 3; waiting for response.,,4,Mapped / P,Clarification for the third article probably continues the article-master completion work. Keep the missing fields and six-stage purpose unresolved.,"Earlier enrichment identifies clarification for a third article, but the missing information and whether this defines a requirement or completes article-master data are unspecified. Keep the one eligible minute and provisional Task 4.",,Arno,live_family,,,,1 / 1,63: OBS-07; 14:04 to 14:05,docs/measurement/Measure_Observation_2026-08-31.md,https://github.com/Luuuuuig/Bachelor-End-Project/blob/7ec78e840589c711c73055cf6215e3f90040ff8a/docs/measurement/Measure_Observation_2026-08-31.md,7ec78e840589c711c73055cf6215e3f90040ff8a,2026-09-21,| OBS-07 | CLAR | 14:04 | 14:05 | — | 0 |  | Clarification needed for item 3; waiting for response. |,"{""Case"": ""OBS-07"", ""Activity"": ""CLAR"", ""Start"": ""14:04"", ""End"": ""14:05"", ""Volume"": ""—"", ""INT"": ""0"", ""DEC?"": """", ""Note"": ""Clarification needed for item 3; waiting for response.""}"
2026-09-01,Baseline,1,OBS-01,EXC,Resolve post-receipt or invoice discrepancies,P,Follow-up and evaluation,P,EXCLUDE_EXC,VALID,,12,Exact recorded interval,10:31,10:43,—,0,—,"Prior-week PO aftercare. Delivered components were incorrect; drawing check and supplier communication required. Buyer briefly walked to ask a same-case question at 10:41 and returned at 10:42; this remains same-case active EXC work, not an interruption.",,unassigned,U / C,"Wrong delivered components and subsequent supplier communication establish post-receipt corrective aftercare, provisionally classified as follow-up. No corresponding precise registered task is evidenced. The same-case walk remains within the original EXC interval; no interruption or extra duration is invented.","Wrong delivered components and subsequent supplier communication establish post-receipt corrective aftercare, provisionally classified as follow-up. No corresponding precise registered task is evidenced. The same-case walk remains within the original EXC interval; no interruption or extra duration is invented.",,Arno,live_family,,,,12 / n/a,1: OBS-01; 10:31 to 10:43,docs/measurement/Measure_Observation_2026-09-01.md,https://github.com/Luuuuuig/Bachelor-End-Project/blob/7ec78e840589c711c73055cf6215e3f90040ff8a/docs/measurement/Measure_Observation_2026-09-01.md,7ec78e840589c711c73055cf6215e3f90040ff8a,2026-09-21,"| OBS-01 | EXC | 10:31 | 10:43 | — | 0 | — | Prior-week PO aftercare. Delivered components were incorrect; drawing check and supplier communication required. Buyer briefly walked to ask a same-case question at 10:41 and returned at 10:42; this remains same-case active EXC work, not an interruption. |","{""Case"": ""OBS-01"", ""Activity"": ""EXC"", ""Start"": ""10:31"", ""End"": ""10:43"", ""Volume"": ""—"", ""INT"": ""0"", ""DEC?"": ""—"", ""Result / short note"": ""Prior-week PO aftercare. Delivered components were incorrect; drawing check and supplier communication required. Buyer briefly walked to ask a same-case question at 10:41 and returned at 10:42; this remains same-case active EXC work, not an interruption.""}"
2026-09-01,Baseline,2,OBS-02,REQ,Establish or clarify purchasing requirements,P,Specification,P,INCLUDE,VALID,1,1,Exact recorded interval,10:49,10:50,—,0,—,Desk request intake.,,1,Mapped / C,"Desk request intake is explicit. The immediately following clarification establishes whether the required quantity is 18 or 36, so specification-stage intake is probable; the one recorded minute is retained.","Desk request intake is explicit. The immediately following clarification establishes whether the required quantity is 18 or 36, so specification-stage intake is probable; the one recorded minute is retained.",,Arno,live_family,,,,1 / 1,2: OBS-02; 10:49 to 10:50,docs/measurement/Measure_Observation_2026-09-01.md,https://github.com/Luuuuuig/Bachelor-End-Project/blob/7ec78e840589c711c73055cf6215e3f90040ff8a/docs/measurement/Measure_Observation_2026-09-01.md,7ec78e840589c711c73055cf6215e3f90040ff8a,2026-09-21,| OBS-02 | REQ | 10:49 | 10:50 | — | 0 | — | Desk request intake. |,"{""Case"": ""OBS-02"", ""Activity"": ""REQ"", ""Start"": ""10:49"", ""End"": ""10:50"", ""Volume"": ""—"", ""INT"": ""0"", ""DEC?"": ""—"", ""Result / short note"": ""Desk request intake.""}"
2026-09-01,Baseline,3,OBS-02,CLAR,Establish or clarify purchasing requirements,C,Specification,C,INCLUDE,VALID,6,6,Exact recorded interval,10:50,10:56,—,0,—,MI-requester: clarify whether requested quantity meant 18 total or 2 × 18.,,4,Mapped / C,"Clarifying whether the requester requires 18 total or two sets of 18 directly establishes the required quantity. This is requirement definition/clarification, not an evidenced comparison with an already prepared PO. Task 4 covers validation of supplied request information.","Clarifying whether the requester requires 18 total or two sets of 18 directly establishes the required quantity. This is requirement definition/clarification, not an evidenced comparison with an already prepared PO. Task 4 covers validation of supplied request information.",,Arno,live_family,,,,6 / 6,3: OBS-02; 10:50 to 10:56,docs/measurement/Measure_Observation_2026-09-01.md,https://github.com/Luuuuuig/Bachelor-End-Project/blob/7ec78e840589c711c73055cf6215e3f90040ff8a/docs/measurement/Measure_Observation_2026-09-01.md,7ec78e840589c711c73055cf6215e3f90040ff8a,2026-09-21,| OBS-02 | CLAR | 10:50 | 10:56 | — | 0 | — | MI-requester: clarify whether requested quantity meant 18 total or 2 × 18. |,"{""Case"": ""OBS-02"", ""Activity"": ""CLAR"", ""Start"": ""10:50"", ""End"": ""10:56"", ""Volume"": ""—"", ""INT"": ""0"", ""DEC?"": ""—"", ""Result / short note"": ""MI-requester: clarify whether requested quantity meant 18 total or 2 × 18.""}"
2026-09-01,Baseline,4,OBS-02,SEND,Establish or clarify purchasing requirements,P,Specification,P,INCLUDE,VALID,8,8,Exact recorded interval,10:56,11:04,—,0,—,Request visual clarification from requester/colleague.,,unassigned,U / C,Requesting visual clarification from the requester or colleague continues the same requirement-clarification case. Specification purpose is probable; clarification communication is not Task 23 supplier-PO forwarding.,Requesting visual clarification from the requester or colleague continues the same requirement-clarification case. Specification purpose is probable; clarification communication is not Task 23 supplier-PO forwarding.,,Arno,live_family,,,,8 / 8,4: OBS-02; 10:56 to 11:04,docs/measurement/Measure_Observation_2026-09-01.md,https://github.com/Luuuuuig/Bachelor-End-Project/blob/7ec78e840589c711c73055cf6215e3f90040ff8a/docs/measurement/Measure_Observation_2026-09-01.md,7ec78e840589c711c73055cf6215e3f90040ff8a,2026-09-21,| OBS-02 | SEND | 10:56 | 11:04 | — | 0 | — | Request visual clarification from requester/colleague. |,"{""Case"": ""OBS-02"", ""Activity"": ""SEND"", ""Start"": ""10:56"", ""End"": ""11:04"", ""Volume"": ""—"", ""INT"": ""0"", ""DEC?"": ""—"", ""Result / short note"": ""Request visual clarification from requester/colleague.""}"
2026-09-01,Baseline,5,OBS-03,EXC,Resolve post-receipt or invoice discrepancies,P,Follow-up and evaluation,P,EXCLUDE_EXC,VALID,,3,Exact recorded interval,11:05,11:08,—,1,—,Wrong order received; interruption recorded before continuation.,,unassigned,U / C,The wrong order has explicitly been received. Corrective aftercare is outside a specific evidenced register task and provisionally falls in follow-up; preserve the recorded interruption without estimating its duration.,The wrong order has explicitly been received. Corrective aftercare is outside a specific evidenced register task and provisionally falls in follow-up; preserve the recorded interruption without estimating its duration.,,Arno,live_family,,,,3 / n/a,5: OBS-03; 11:05 to 11:08,docs/measurement/Measure_Observation_2026-09-01.md,https://github.com/Luuuuuig/Bachelor-End-Project/blob/7ec78e840589c711c73055cf6215e3f90040ff8a/docs/measurement/Measure_Observation_2026-09-01.md,7ec78e840589c711c73055cf6215e3f90040ff8a,2026-09-21,| OBS-03 | EXC | 11:05 | 11:08 | — | 1 | — | Wrong order received; interruption recorded before continuation. |,"{""Case"": ""OBS-03"", ""Activity"": ""EXC"", ""Start"": ""11:05"", ""End"": ""11:08"", ""Volume"": ""—"", ""INT"": ""1"", ""DEC?"": ""—"", ""Result / short note"": ""Wrong order received; interruption recorded before continuation.""}"
2026-09-01,Baseline,6,OBS-03,EXC,Resolve post-receipt or invoice discrepancies,P,Follow-up and evaluation,P,EXCLUDE_EXC,VALID,,2,Exact recorded interval,11:09,11:11,—,0,—,Continuation of wrong-order aftercare.,,unassigned,U / C,Explicit continuation of the received-wrong-order aftercare. Keep this separate recorded episode and probable follow-up stage; do not merge elapsed time across the gap.,Explicit continuation of the received-wrong-order aftercare. Keep this separate recorded episode and probable follow-up stage; do not merge elapsed time across the gap.,,Arno,live_family,,,,2 / n/a,6: OBS-03; 11:09 to 11:11,docs/measurement/Measure_Observation_2026-09-01.md,https://github.com/Luuuuuig/Bachelor-End-Project/blob/7ec78e840589c711c73055cf6215e3f90040ff8a/docs/measurement/Measure_Observation_2026-09-01.md,7ec78e840589c711c73055cf6215e3f90040ff8a,2026-09-21,| OBS-03 | EXC | 11:09 | 11:11 | — | 0 | — | Continuation of wrong-order aftercare. |,"{""Case"": ""OBS-03"", ""Activity"": ""EXC"", ""Start"": ""11:09"", ""End"": ""11:11"", ""Volume"": ""—"", ""INT"": ""0"", ""DEC?"": ""—"", ""Result / short note"": ""Continuation of wrong-order aftercare.""}"
2026-09-01,Baseline,7,OBS-04,REQ,Unresolved activity,?,Unresolved stage,?,EXCLUDE_AFTERCARE,VALID,,,Untimed,—,—,—,0,—,Request to cancel one component because of long lead time and source it elsewhere.,,unassigned,U / C,"The request concerns cancellation of an existing component and replacement sourcing due to long lead time, not intake of a new purchasing need under Task 1. This is excluded aftercare; the untimed request does not establish a unique purchasing stage.","The request concerns cancellation of an existing component and replacement sourcing due to long lead time, not intake of a new purchasing need under Task 1. This is excluded aftercare; the untimed request does not establish a unique purchasing stage.",,Arno,live_family,,,,n/a / n/a,7: OBS-04; untimed,docs/measurement/Measure_Observation_2026-09-01.md,https://github.com/Luuuuuig/Bachelor-End-Project/blob/7ec78e840589c711c73055cf6215e3f90040ff8a/docs/measurement/Measure_Observation_2026-09-01.md,7ec78e840589c711c73055cf6215e3f90040ff8a,2026-09-21,| OBS-04 | REQ | — | — | — | 0 | — | Request to cancel one component because of long lead time and source it elsewhere. |,"{""Case"": ""OBS-04"", ""Activity"": ""REQ"", ""Start"": ""—"", ""End"": ""—"", ""Volume"": ""—"", ""INT"": ""0"", ""DEC?"": ""—"", ""Result / short note"": ""Request to cancel one component because of long lead time and source it elsewhere.""}"
2026-09-01,Baseline,8,OBS-04,SEND,Unresolved activity,?,Unresolved stage,?,EXCLUDE_AFTERCARE,VALID,,3,Exact recorded interval,11:11,11:14,—,0,Y,J+EXP: buyer judged the item non-interchangeable based on experience and copied a colleague for confirmation.,,unassigned,U / C,"The non-interchangeability judgement and request for colleague confirmation directly respond to the cancellation/replacement request. Exclude the evidenced aftercare communication; preserve embedded judgement and do not infer supplier selection, Task 23 or pure decision time.","The non-interchangeability judgement and request for colleague confirmation directly respond to the cancellation/replacement request. Exclude the evidenced aftercare communication; preserve embedded judgement and do not infer supplier selection, Task 23 or pure decision time.",,Arno,live_family,,,,3 / n/a,8: OBS-04; 11:11 to 11:14,docs/measurement/Measure_Observation_2026-09-01.md,https://github.com/Luuuuuig/Bachelor-End-Project/blob/7ec78e840589c711c73055cf6215e3f90040ff8a/docs/measurement/Measure_Observation_2026-09-01.md,7ec78e840589c711c73055cf6215e3f90040ff8a,2026-09-21,| OBS-04 | SEND | 11:11 | 11:14 | — | 0 | Y | J+EXP: buyer judged the item non-interchangeable based on experience and copied a colleague for confirmation. |,"{""Case"": ""OBS-04"", ""Activity"": ""SEND"", ""Start"": ""11:11"", ""End"": ""11:14"", ""Volume"": ""—"", ""INT"": ""0"", ""DEC?"": ""Y"", ""Result / short note"": ""J+EXP: buyer judged the item non-interchangeable based on experience and copied a colleague for confirmation.""}"
2026-09-01,Baseline,9,OBS-05,REQ,Unresolved activity,?,Unresolved stage,?,INCLUDE,VALID,,,Untimed,—,—,—,0,—,Email request intake; exact intake duration not recorded.,,1,Mapped / C,"External email request intake is explicit, but its purchasing requirement and specification-versus-ordering purpose are not described. Preserve the untimed occurrence.","External email request intake is explicit, but its purchasing requirement and specification-versus-ordering purpose are not described. Preserve the untimed occurrence.",,Arno,live_family,,,,n/a / n/a,9: OBS-05; untimed,docs/measurement/Measure_Observation_2026-09-01.md,https://github.com/Luuuuuig/Bachelor-End-Project/blob/7ec78e840589c711c73055cf6215e3f90040ff8a/docs/measurement/Measure_Observation_2026-09-01.md,7ec78e840589c711c73055cf6215e3f90040ff8a,2026-09-21,| OBS-05 | REQ | — | — | — | 0 | — | Email request intake; exact intake duration not recorded. |,"{""Case"": ""OBS-05"", ""Activity"": ""REQ"", ""Start"": ""—"", ""End"": ""—"", ""Volume"": ""—"", ""INT"": ""0"", ""DEC?"": ""—"", ""Result / short note"": ""Email request intake; exact intake duration not recorded.""}"
2026-09-01,Baseline,10,OBS-05,CLAR,Unresolved activity,?,Unresolved stage,?,INCLUDE,VALID,2,2,Exact recorded interval,11:15,11:17,—,0,Y,"Looked in Exact and determined that an email question was needed. Normalized from originally timed DEC; this is visible information work with embedded judgement, not pure decision time.",,unassigned,Unresolved / ?,"Visible Exact/information work led to an email question, but the searched object and purpose are unspecified. Do not infer Tasks 4 or 5 from use of Exact alone. Preserve the source normalization from DEC to CLAR with embedded judgement; the two minutes are not pure decision time.","Visible Exact/information work led to an email question, but the searched object and purpose are unspecified. Do not infer Tasks 4 or 5 from use of Exact alone. Preserve the source normalization from DEC to CLAR with embedded judgement; the two minutes are not pure decision time.",,Arno,live_family,,,,2 / 2,10: OBS-05; 11:15 to 11:17,docs/measurement/Measure_Observation_2026-09-01.md,https://github.com/Luuuuuig/Bachelor-End-Project/blob/7ec78e840589c711c73055cf6215e3f90040ff8a/docs/measurement/Measure_Observation_2026-09-01.md,7ec78e840589c711c73055cf6215e3f90040ff8a,2026-09-21,"| OBS-05 | CLAR | 11:15 | 11:17 | — | 0 | Y | Looked in Exact and determined that an email question was needed. Normalized from originally timed DEC; this is visible information work with embedded judgement, not pure decision time. |","{""Case"": ""OBS-05"", ""Activity"": ""CLAR"", ""Start"": ""11:15"", ""End"": ""11:17"", ""Volume"": ""—"", ""INT"": ""0"", ""DEC?"": ""Y"", ""Result / short note"": ""Looked in Exact and determined that an email question was needed. Normalized from originally timed DEC; this is visible information work with embedded judgement, not pure decision time.""}"
2026-09-01,Baseline,11,OBS-05,SEND,Unresolved activity,?,Unresolved stage,?,INCLUDE,VALID,2,2,Exact recorded interval,11:17,11:19,—,0,—,Sent follow-up question by email.,,unassigned,U / C,An email follow-up question is explicit purchasing clarification communication outside Task 23. The question content does not establish its stage or a particular registered validation task.,An email follow-up question is explicit purchasing clarification communication outside Task 23. The question content does not establish its stage or a particular registered validation task.,,Arno,live_family,,,,2 / 2,11: OBS-05; 11:17 to 11:19,docs/measurement/Measure_Observation_2026-09-01.md,https://github.com/Luuuuuig/Bachelor-End-Project/blob/7ec78e840589c711c73055cf6215e3f90040ff8a/docs/measurement/Measure_Observation_2026-09-01.md,7ec78e840589c711c73055cf6215e3f90040ff8a,2026-09-21,| OBS-05 | SEND | 11:17 | 11:19 | — | 0 | — | Sent follow-up question by email. |,"{""Case"": ""OBS-05"", ""Activity"": ""SEND"", ""Start"": ""11:17"", ""End"": ""11:19"", ""Volume"": ""—"", ""INT"": ""0"", ""DEC?"": ""—"", ""Result / short note"": ""Sent follow-up question by email.""}"
2026-09-01,Baseline,12,OBS-06,CHECK,Unresolved activity,?,Unresolved stage,?,INCLUDE,VALID,2,2,Exact recorded interval,11:19,11:21,—,0,—,Purchasing-information check; exact check subtype not captured.,,unassigned,Unresolved / ?,"A purchasing-information check is recorded, but no control subtype or transaction position is identified. Retain eligible CHECK time without a speculative Tasks 14-16/26-28 range or stage.","A purchasing-information check is recorded, but no control subtype or transaction position is identified. Retain eligible CHECK time without a speculative Tasks 14-16/26-28 range or stage.",,Arno,live_family,,,,2 / 2,12: OBS-06; 11:19 to 11:21,docs/measurement/Measure_Observation_2026-09-01.md,https://github.com/Luuuuuig/Bachelor-End-Project/blob/7ec78e840589c711c73055cf6215e3f90040ff8a/docs/measurement/Measure_Observation_2026-09-01.md,7ec78e840589c711c73055cf6215e3f90040ff8a,2026-09-21,| OBS-06 | CHECK | 11:19 | 11:21 | — | 0 | — | Purchasing-information check; exact check subtype not captured. |,"{""Case"": ""OBS-06"", ""Activity"": ""CHECK"", ""Start"": ""11:19"", ""End"": ""11:21"", ""Volume"": ""—"", ""INT"": ""0"", ""DEC?"": ""—"", ""Result / short note"": ""Purchasing-information check; exact check subtype not captured.""}"
2026-09-01,Baseline,13,OBS-07,SEND,Unresolved activity,?,Unresolved stage,?,REVIEW_SCOPE,VALID,,1,Exact recorded interval,11:21,11:22,—,0,—,Internal purchasing communication forwarded to Finance.,,unassigned,Unresolved / ?,"Forwarding purchasing communication to Finance is explicit, but its content and purpose are absent. Routine hand-off versus excluded exception/aftercare cannot be determined. Neither a Finance-return investigation under Task 30 nor Finance-only Task 29 is established.","Forwarding purchasing communication to Finance is explicit, but its content and purpose are absent. Routine hand-off versus excluded exception/aftercare cannot be determined. Neither a Finance-return investigation under Task 30 nor Finance-only Task 29 is established.",,Arno,live_family,,,,1 / n/a,13: OBS-07; 11:21 to 11:22,docs/measurement/Measure_Observation_2026-09-01.md,https://github.com/Luuuuuig/Bachelor-End-Project/blob/7ec78e840589c711c73055cf6215e3f90040ff8a/docs/measurement/Measure_Observation_2026-09-01.md,7ec78e840589c711c73055cf6215e3f90040ff8a,2026-09-21,| OBS-07 | SEND | 11:21 | 11:22 | — | 0 | — | Internal purchasing communication forwarded to Finance. |,"{""Case"": ""OBS-07"", ""Activity"": ""SEND"", ""Start"": ""11:21"", ""End"": ""11:22"", ""Volume"": ""—"", ""INT"": ""0"", ""DEC?"": ""—"", ""Result / short note"": ""Internal purchasing communication forwarded to Finance.""}"
2026-09-01,Baseline,14,OBS-08,EXC,Unresolved activity,?,Unresolved stage,?,EXCLUDE_EXC,VALID,,2,Exact recorded interval,11:22,11:24,—,1,?,Exception/aftercare episode; subtype not captured reliably.,,unassigned,Unresolved / ?,"Original EXC and the uncertain subtype are retained. No detailed task, stage or interpretation of the uncertain decision indicator is supplied.","Original EXC and the uncertain subtype are retained. No detailed task, stage or interpretation of the uncertain decision indicator is supplied.",,Arno,live_family,,,,2 / n/a,14: OBS-08; 11:22 to 11:24,docs/measurement/Measure_Observation_2026-09-01.md,https://github.com/Luuuuuig/Bachelor-End-Project/blob/7ec78e840589c711c73055cf6215e3f90040ff8a/docs/measurement/Measure_Observation_2026-09-01.md,7ec78e840589c711c73055cf6215e3f90040ff8a,2026-09-21,| OBS-08 | EXC | 11:22 | 11:24 | — | 1 | ? | Exception/aftercare episode; subtype not captured reliably. |,"{""Case"": ""OBS-08"", ""Activity"": ""EXC"", ""Start"": ""11:22"", ""End"": ""11:24"", ""Volume"": ""—"", ""INT"": ""1"", ""DEC?"": ""?"", ""Result / short note"": ""Exception/aftercare episode; subtype not captured reliably.""}"
2026-09-01,Baseline,15,OBS-09,REQ,Follow up order status or delivery commitments,P,Monitoring,P,EXCLUDE_AFTERCARE,VALID,,,Untimed,—,—,—,0,—,Phone question concerning an existing PO.,,unassigned,U / P,"The phone question concerns an existing PO and immediately leads to its delivery-time/unpaid-invoice episode. Probable aftercare intake and monitoring context; not a new purchasing need under Task 1, and no duration is available.","The phone question concerns an existing PO and immediately leads to its delivery-time/unpaid-invoice episode. Probable aftercare intake and monitoring context; not a new purchasing need under Task 1, and no duration is available.",,Arno,live_family,,,,n/a / n/a,15: OBS-09; untimed,docs/measurement/Measure_Observation_2026-09-01.md,https://github.com/Luuuuuig/Bachelor-End-Project/blob/7ec78e840589c711c73055cf6215e3f90040ff8a/docs/measurement/Measure_Observation_2026-09-01.md,7ec78e840589c711c73055cf6215e3f90040ff8a,2026-09-21,| OBS-09 | REQ | — | — | — | 0 | — | Phone question concerning an existing PO. |,"{""Case"": ""OBS-09"", ""Activity"": ""REQ"", ""Start"": ""—"", ""End"": ""—"", ""Volume"": ""—"", ""INT"": ""0"", ""DEC?"": ""—"", ""Result / short note"": ""Phone question concerning an existing PO.""}"
2026-09-01,Baseline,16,OBS-09,EXC,Follow up order status or delivery commitments,C,Monitoring,C,EXCLUDE_EXC,VALID,,2,Exact recorded interval,11:24,11:26,—,0,—,Delivery-time issue linked to an unpaid invoice.,,unassigned,U / C,The delivery-time issue on an existing PO establishes monitoring/aftercare. The unpaid invoice does not demonstrate a returned Finance case under Task 30. Keep the original EXC exclusion.,The delivery-time issue on an existing PO establishes monitoring/aftercare. The unpaid invoice does not demonstrate a returned Finance case under Task 30. Keep the original EXC exclusion.,,Arno,live_family,,,,2 / n/a,16: OBS-09; 11:24 to 11:26,docs/measurement/Measure_Observation_2026-09-01.md,https://github.com/Luuuuuig/Bachelor-End-Project/blob/7ec78e840589c711c73055cf6215e3f90040ff8a/docs/measurement/Measure_Observation_2026-09-01.md,7ec78e840589c711c73055cf6215e3f90040ff8a,2026-09-21,| OBS-09 | EXC | 11:24 | 11:26 | — | 0 | — | Delivery-time issue linked to an unpaid invoice. |,"{""Case"": ""OBS-09"", ""Activity"": ""EXC"", ""Start"": ""11:24"", ""End"": ""11:26"", ""Volume"": ""—"", ""INT"": ""0"", ""DEC?"": ""—"", ""Result / short note"": ""Delivery-time issue linked to an unpaid invoice.""}"
2026-09-01,Baseline,17,OBS-10,OTHER,Unresolved activity,?,Unresolved stage,?,REVIEW_SCOPE,VALID,,3,Exact recorded interval,11:26,11:29,—,0,—,Respond to a Finance question; exact process subtype not captured.,,unassigned,Unresolved / ?,The content of the Finance question is not recorded. Routine coordination and excluded aftercare remain possible; do not assert that all Finance communication is excluded or that Task 30 occurred.,The content of the Finance question is not recorded. Routine coordination and excluded aftercare remain possible; do not assert that all Finance communication is excluded or that Task 30 occurred.,,Arno,live_family,,,,3 / n/a,17: OBS-10; 11:26 to 11:29,docs/measurement/Measure_Observation_2026-09-01.md,https://github.com/Luuuuuig/Bachelor-End-Project/blob/7ec78e840589c711c73055cf6215e3f90040ff8a/docs/measurement/Measure_Observation_2026-09-01.md,7ec78e840589c711c73055cf6215e3f90040ff8a,2026-09-21,| OBS-10 | OTHER | 11:26 | 11:29 | — | 0 | — | Respond to a Finance question; exact process subtype not captured. |,"{""Case"": ""OBS-10"", ""Activity"": ""OTHER"", ""Start"": ""11:26"", ""End"": ""11:29"", ""Volume"": ""—"", ""INT"": ""0"", ""DEC?"": ""—"", ""Result / short note"": ""Respond to a Finance question; exact process subtype not captured.""}"
2026-09-01,Baseline,18,OBS-11,EXC,Follow up order status or delivery commitments,C,Monitoring,C,EXCLUDE_EXC,VALID,,3,Exact recorded interval,11:31,11:34,—,0,—,Delivery-status tracing for 10 pieces of a component.,,unassigned,U / C,"Tracing delivery status of an existing order is explicit monitoring/expediting, outside a specifically evidenced registered task. Preserve original EXC; ten pieces are case context and not a new duration denominator.","Tracing delivery status of an existing order is explicit monitoring/expediting, outside a specifically evidenced registered task. Preserve original EXC; ten pieces are case context and not a new duration denominator.",,Arno,live_family,,,,3 / n/a,18: OBS-11; 11:31 to 11:34,docs/measurement/Measure_Observation_2026-09-01.md,https://github.com/Luuuuuig/Bachelor-End-Project/blob/7ec78e840589c711c73055cf6215e3f90040ff8a/docs/measurement/Measure_Observation_2026-09-01.md,7ec78e840589c711c73055cf6215e3f90040ff8a,2026-09-21,| OBS-11 | EXC | 11:31 | 11:34 | — | 0 | — | Delivery-status tracing for 10 pieces of a component. |,"{""Case"": ""OBS-11"", ""Activity"": ""EXC"", ""Start"": ""11:31"", ""End"": ""11:34"", ""Volume"": ""—"", ""INT"": ""0"", ""DEC?"": ""—"", ""Result / short note"": ""Delivery-status tracing for 10 pieces of a component.""}"
2026-09-01,Baseline,19,OBS-12,REQ,Establish or clarify purchasing requirements,P,Specification,P,INCLUDE,VALID,,,Untimed,—,—,—,0,—,Customer question reached Purchasing through Service.,,1,Mapped / P,A customer question reaches Purchasing through Service. Subsequent missing-size investigation and quotation enquiry support probable purchasing-request intake and specification purpose; no intake duration is recorded.,A customer question reaches Purchasing through Service. Subsequent missing-size investigation and quotation enquiry support probable purchasing-request intake and specification purpose; no intake duration is recorded.,,Arno,live_family,,,,n/a / n/a,19: OBS-12; untimed,docs/measurement/Measure_Observation_2026-09-01.md,https://github.com/Luuuuuig/Bachelor-End-Project/blob/7ec78e840589c711c73055cf6215e3f90040ff8a/docs/measurement/Measure_Observation_2026-09-01.md,7ec78e840589c711c73055cf6215e3f90040ff8a,2026-09-21,| OBS-12 | REQ | — | — | — | 0 | — | Customer question reached Purchasing through Service. |,"{""Case"": ""OBS-12"", ""Activity"": ""REQ"", ""Start"": ""—"", ""End"": ""—"", ""Volume"": ""—"", ""INT"": ""0"", ""DEC?"": ""—"", ""Result / short note"": ""Customer question reached Purchasing through Service.""}"
2026-09-01,Baseline,20,OBS-12,CLAR,Establish or clarify purchasing requirements,P,Specification,P,INCLUDE,VALID,16,16,Exact recorded interval,11:35,11:51,—,0,—,MI + historical search: old PO lookup; several matching items; required size/information not supplied.,,4;5,Mapped / P,Missing required size/information and historical-PO searching support probable requirement clarification using supplied information and historical records. The exact boundary between defining the requirement and validating an existing specification remains uncertain; keep specification provisional and the 16-minute combined episode intact.,Missing required size/information and historical-PO searching support probable requirement clarification using supplied information and historical records. The exact boundary between defining the requirement and validating an existing specification remains uncertain; keep specification provisional and the 16-minute combined episode intact.,,Arno,live_family,,,,16 / 16,20: OBS-12; 11:35 to 11:51,docs/measurement/Measure_Observation_2026-09-01.md,https://github.com/Luuuuuig/Bachelor-End-Project/blob/7ec78e840589c711c73055cf6215e3f90040ff8a/docs/measurement/Measure_Observation_2026-09-01.md,7ec78e840589c711c73055cf6215e3f90040ff8a,2026-09-21,| OBS-12 | CLAR | 11:35 | 11:51 | — | 0 | — | MI + historical search: old PO lookup; several matching items; required size/information not supplied. |,"{""Case"": ""OBS-12"", ""Activity"": ""CLAR"", ""Start"": ""11:35"", ""End"": ""11:51"", ""Volume"": ""—"", ""INT"": ""0"", ""DEC?"": ""—"", ""Result / short note"": ""MI + historical search: old PO lookup; several matching items; required size/information not supplied.""}"
2026-09-01,Baseline,21,OBS-12,SEND,Unresolved activity,?,Unresolved stage,?,INCLUDE,VALID,3,3,Exact recorded interval,11:51,11:54,—,0,—,Request quotation / external information.,,unassigned,U / C,"Requesting a quotation or external information is explicit but does not itself prove supplier selection, negotiation or order placement. It is not standard Task 23 PO forwarding; retain the three minutes with stage unresolved.","Requesting a quotation or external information is explicit but does not itself prove supplier selection, negotiation or order placement. It is not standard Task 23 PO forwarding; retain the three minutes with stage unresolved.",,Arno,live_family,,,,3 / 3,21: OBS-12; 11:51 to 11:54,docs/measurement/Measure_Observation_2026-09-01.md,https://github.com/Luuuuuig/Bachelor-End-Project/blob/7ec78e840589c711c73055cf6215e3f90040ff8a/docs/measurement/Measure_Observation_2026-09-01.md,7ec78e840589c711c73055cf6215e3f90040ff8a,2026-09-21,| OBS-12 | SEND | 11:51 | 11:54 | — | 0 | — | Request quotation / external information. |,"{""Case"": ""OBS-12"", ""Activity"": ""SEND"", ""Start"": ""11:51"", ""End"": ""11:54"", ""Volume"": ""—"", ""INT"": ""0"", ""DEC?"": ""—"", ""Result / short note"": ""Request quotation / external information.""}"
2026-09-01,Baseline,22,OBS-13,CHECK,Unresolved activity,?,Unresolved stage,?,INCLUDE,VALID,1,1,Exact recorded interval,11:55,11:56,2L,0,—,Two-line purchasing check; commercial value omitted.,,unassigned,Unresolved / ?,Only a two-line purchasing check is described. Neither pre-order price control nor confirmation comparison is established; retain the original volume and eligible time without a detailed task range.,Only a two-line purchasing check is described. Neither pre-order price control nor confirmation comparison is established; retain the original volume and eligible time without a detailed task range.,,Arno,live_family,,,,1 / 1,22: OBS-13; 11:55 to 11:56,docs/measurement/Measure_Observation_2026-09-01.md,https://github.com/Luuuuuig/Bachelor-End-Project/blob/7ec78e840589c711c73055cf6215e3f90040ff8a/docs/measurement/Measure_Observation_2026-09-01.md,7ec78e840589c711c73055cf6215e3f90040ff8a,2026-09-21,| OBS-13 | CHECK | 11:55 | 11:56 | 2L | 0 | — | Two-line purchasing check; commercial value omitted. |,"{""Case"": ""OBS-13"", ""Activity"": ""CHECK"", ""Start"": ""11:55"", ""End"": ""11:56"", ""Volume"": ""2L"", ""INT"": ""0"", ""DEC?"": ""—"", ""Result / short note"": ""Two-line purchasing check; commercial value omitted.""}"
2026-09-01,Baseline,23,OBS-14,CHECK,Unresolved activity,?,Unresolved stage,?,INCLUDE,VALID,1,1,Exact recorded interval,11:56,11:57,1L,0,—,One-line purchasing check; commercial value omitted.,,unassigned,Unresolved / ?,Only a one-line purchasing check is described. No compared documents or transaction position are recorded; detailed task and stage remain unresolved.,Only a one-line purchasing check is described. No compared documents or transaction position are recorded; detailed task and stage remain unresolved.,,Arno,live_family,,,,1 / 1,23: OBS-14; 11:56 to 11:57,docs/measurement/Measure_Observation_2026-09-01.md,https://github.com/Luuuuuig/Bachelor-End-Project/blob/7ec78e840589c711c73055cf6215e3f90040ff8a/docs/measurement/Measure_Observation_2026-09-01.md,7ec78e840589c711c73055cf6215e3f90040ff8a,2026-09-21,| OBS-14 | CHECK | 11:56 | 11:57 | 1L | 0 | — | One-line purchasing check; commercial value omitted. |,"{""Case"": ""OBS-14"", ""Activity"": ""CHECK"", ""Start"": ""11:56"", ""End"": ""11:57"", ""Volume"": ""1L"", ""INT"": ""0"", ""DEC?"": ""—"", ""Result / short note"": ""One-line purchasing check; commercial value omitted.""}"
2026-09-01,Baseline,24,OBS-15,CHECK,Unresolved activity,?,Unresolved stage,?,INCLUDE,VALID,3,3,Exact recorded interval,11:57,12:00,3L,0,—,Three-line purchasing check.,,unassigned,Unresolved / ?,Only a three-line purchasing check is described. No basis exists for assigning a pre-order or post-confirmation task or stage.,Only a three-line purchasing check is described. No basis exists for assigning a pre-order or post-confirmation task or stage.,,Arno,live_family,,,,3 / 3,24: OBS-15; 11:57 to 12:00,docs/measurement/Measure_Observation_2026-09-01.md,https://github.com/Luuuuuig/Bachelor-End-Project/blob/7ec78e840589c711c73055cf6215e3f90040ff8a/docs/measurement/Measure_Observation_2026-09-01.md,7ec78e840589c711c73055cf6215e3f90040ff8a,2026-09-21,| OBS-15 | CHECK | 11:57 | 12:00 | 3L | 0 | — | Three-line purchasing check. |,"{""Case"": ""OBS-15"", ""Activity"": ""CHECK"", ""Start"": ""11:57"", ""End"": ""12:00"", ""Volume"": ""3L"", ""INT"": ""0"", ""DEC?"": ""—"", ""Result / short note"": ""Three-line purchasing check.""}"
2026-09-01,Baseline,25,OBS-16,EXC,Unresolved activity,?,Unresolved stage,?,EXCLUDE_EXC,VALID,,4,Exact recorded interval,12:00,12:04,4L,0,—,Respond to supplier question on an existing case.,,unassigned,Unresolved / ?,"The supplier question concerns an existing case, but its subject is unspecified. Preserve original EXC without forcing a particular registered task or stage.","The supplier question concerns an existing case, but its subject is unspecified. Preserve original EXC without forcing a particular registered task or stage.",,Arno,live_family,,,,4 / n/a,25: OBS-16; 12:00 to 12:04,docs/measurement/Measure_Observation_2026-09-01.md,https://github.com/Luuuuuig/Bachelor-End-Project/blob/7ec78e840589c711c73055cf6215e3f90040ff8a/docs/measurement/Measure_Observation_2026-09-01.md,7ec78e840589c711c73055cf6215e3f90040ff8a,2026-09-21,| OBS-16 | EXC | 12:00 | 12:04 | 4L | 0 | — | Respond to supplier question on an existing case. |,"{""Case"": ""OBS-16"", ""Activity"": ""EXC"", ""Start"": ""12:00"", ""End"": ""12:04"", ""Volume"": ""4L"", ""INT"": ""0"", ""DEC?"": ""—"", ""Result / short note"": ""Respond to supplier question on an existing case.""}"
2026-09-01,Baseline,26,OBS-17,REQ,Maintain purchasing master data,C,Unresolved stage,?,INCLUDE,VALID,,,Untimed,—,—,—,0,—,Request to add two new items to Exact.,,unassigned,U / C,"This request concerns adding new article records to Exact. The case clarification says item creation was already completed and the items were already in a PO. Retain the observed request occurrence as article-master coordination, not new purchasing-need intake or newly observed creation.","This request concerns adding new article records to Exact. The case clarification says item creation was already completed and the items were already in a PO. Retain the observed request occurrence as article-master coordination, not new purchasing-need intake or newly observed creation.",,Arno,live_family,,,,n/a / n/a,26: OBS-17; untimed,docs/measurement/Measure_Observation_2026-09-01.md,https://github.com/Luuuuuig/Bachelor-End-Project/blob/7ec78e840589c711c73055cf6215e3f90040ff8a/docs/measurement/Measure_Observation_2026-09-01.md,7ec78e840589c711c73055cf6215e3f90040ff8a,2026-09-21,| OBS-17 | REQ | — | — | — | 0 | — | Request to add two new items to Exact. |,"{""Case"": ""OBS-17"", ""Activity"": ""REQ"", ""Start"": ""—"", ""End"": ""—"", ""Volume"": ""—"", ""INT"": ""0"", ""DEC?"": ""—"", ""Result / short note"": ""Request to add two new items to Exact.""}"
2026-09-01,Baseline,27,OBS-17,CLAR,Maintain purchasing master data,C,Unresolved stage,?,INCLUDE,VALID,2,2,Exact recorded interval,12:06,12:08,—,1,—,Route/clarify ownership with purchasing manager; interruption recorded.,,unassigned,U / C,The observed work clarifies ownership/routing of an article-master request whose creation work was already completed. This coordination is not specifically represented in the register. Being linked to an existing PO does not establish its purchasing stage; preserve the interruption.,The observed work clarifies ownership/routing of an article-master request whose creation work was already completed. This coordination is not specifically represented in the register. Being linked to an existing PO does not establish its purchasing stage; preserve the interruption.,,Arno,live_family,,,,2 / 2,27: OBS-17; 12:06 to 12:08,docs/measurement/Measure_Observation_2026-09-01.md,https://github.com/Luuuuuig/Bachelor-End-Project/blob/7ec78e840589c711c73055cf6215e3f90040ff8a/docs/measurement/Measure_Observation_2026-09-01.md,7ec78e840589c711c73055cf6215e3f90040ff8a,2026-09-21,| OBS-17 | CLAR | 12:06 | 12:08 | — | 1 | — | Route/clarify ownership with purchasing manager; interruption recorded. |,"{""Case"": ""OBS-17"", ""Activity"": ""CLAR"", ""Start"": ""12:06"", ""End"": ""12:08"", ""Volume"": ""—"", ""INT"": ""1"", ""DEC?"": ""—"", ""Result / short note"": ""Route/clarify ownership with purchasing manager; interruption recorded.""}"
2026-09-01,Baseline,28,OBS-17,SEND,Maintain purchasing master data,C,Unresolved stage,?,INCLUDE,VALID,1,1,Exact recorded interval,12:08,12:09,—,0,—,Forwarded the request.,,unassigned,U / C,Forwarding the article-master/routing request is explicit coordination outside Task 23. Do not time the earlier item creation or infer a new purchasing stage from the software or PO context.,Forwarding the article-master/routing request is explicit coordination outside Task 23. Do not time the earlier item creation or infer a new purchasing stage from the software or PO context.,,Arno,live_family,,,,1 / 1,28: OBS-17; 12:08 to 12:09,docs/measurement/Measure_Observation_2026-09-01.md,https://github.com/Luuuuuig/Bachelor-End-Project/blob/7ec78e840589c711c73055cf6215e3f90040ff8a/docs/measurement/Measure_Observation_2026-09-01.md,7ec78e840589c711c73055cf6215e3f90040ff8a,2026-09-21,| OBS-17 | SEND | 12:08 | 12:09 | — | 0 | — | Forwarded the request. |,"{""Case"": ""OBS-17"", ""Activity"": ""SEND"", ""Start"": ""12:08"", ""End"": ""12:09"", ""Volume"": ""—"", ""INT"": ""0"", ""DEC?"": ""—"", ""Result / short note"": ""Forwarded the request.""}"
2026-09-01,Baseline,29,OBS-18,REQ,Receive and complete a defined purchasing request,P,Ordering,P,INCLUDE,VALID,,,Untimed,—,—,—,0,—,Exact-originated case; partly processed before pre-control.,,1,Mapped / P,"Exact-originated demand precedes the explicitly described pre-control episode, supporting probable identified demand and ordering-stage intake. No intake duration is available. The following pre-control row has its own recorded interval; no intake duration is added to it.","Exact-originated demand precedes the explicitly described pre-control episode, supporting probable identified demand and ordering-stage intake. No intake duration is available. The following pre-control row has its own recorded interval; no intake duration is added to it.",,Arno,live_family,,,,n/a / n/a,29: OBS-18; untimed,docs/measurement/Measure_Observation_2026-09-01.md,https://github.com/Luuuuuig/Bachelor-End-Project/blob/7ec78e840589c711c73055cf6215e3f90040ff8a/docs/measurement/Measure_Observation_2026-09-01.md,7ec78e840589c711c73055cf6215e3f90040ff8a,2026-09-21,| OBS-18 | REQ | — | — | — | 0 | — | Exact-originated case; partly processed before pre-control. |,"{""Case"": ""OBS-18"", ""Activity"": ""REQ"", ""Start"": ""—"", ""End"": ""—"", ""Volume"": ""—"", ""INT"": ""0"", ""DEC?"": ""—"", ""Result / short note"": ""Exact-originated case; partly processed before pre-control.""}"
2026-09-01,Baseline,30,OBS-18,CHECK,Check and correct an order before release,C,Ordering,C,INCLUDE,VALID,6,6,Exact recorded interval,12:09,12:15,4L,0,—,Pre-control: delivery time adjusted; price control could not be completed because of an unpaid-invoice issue. Supplier identity omitted.,,unassigned,Unresolved / ?,"Explicit pre-control and delivery-time adjustment support ordering. Price control was blocked by an unpaid-invoice issue, but the source does not document separate invoice investigation or aftercare during this interval. Retain six minutes of observed routine control; do not exclude it solely because a payment problem prevented completion. The checked price sources and detailed task sequence remain unspecified, so no Tasks 14-16 range or duration split is imposed.","Explicit pre-control and delivery-time adjustment support ordering. Price control was blocked by an unpaid-invoice issue, but the source does not document separate invoice investigation or aftercare during this interval. Retain six minutes of observed routine control; do not exclude it solely because a payment problem prevented completion. The checked price sources and detailed task sequence remain unspecified, so no Tasks 14-16 range or duration split is imposed.",,Arno,live_family,,,,6 / 6,30: OBS-18; 12:09 to 12:15,docs/measurement/Measure_Observation_2026-09-01.md,https://github.com/Luuuuuig/Bachelor-End-Project/blob/7ec78e840589c711c73055cf6215e3f90040ff8a/docs/measurement/Measure_Observation_2026-09-01.md,7ec78e840589c711c73055cf6215e3f90040ff8a,2026-09-21,| OBS-18 | CHECK | 12:09 | 12:15 | 4L | 0 | — | Pre-control: delivery time adjusted; price control could not be completed because of an unpaid-invoice issue. Supplier identity omitted. |,"{""Case"": ""OBS-18"", ""Activity"": ""CHECK"", ""Start"": ""12:09"", ""End"": ""12:15"", ""Volume"": ""4L"", ""INT"": ""0"", ""DEC?"": ""—"", ""Result / short note"": ""Pre-control: delivery time adjusted; price control could not be completed because of an unpaid-invoice issue. Supplier identity omitted.""}"
2026-09-01,Baseline,31,OBS-19,EXC,Unresolved activity,?,Unresolved stage,?,EXCLUDE_EXC,VALID,,5,Exact recorded interval,12:15,12:20,—,0,Y,Unavailable item: searched for an alternative and contacted manufacturer/supply source. J: choose next exception-handling route.,,31,Mapped / P,"Unavailable-item alternative search partly matches Task 31. The note establishes an exception on an existing PO but not whether the search serves supplier selection, component substitution or another purchasing purpose. Keep the stage unresolved and original EXC excluded; do not infer line removal or separately timed decision work.","Unavailable-item alternative search partly matches Task 31. The note establishes an exception on an existing PO but not whether the search serves supplier selection, component substitution or another purchasing purpose. Keep the stage unresolved and original EXC excluded; do not infer line removal or separately timed decision work.",,Arno,live_family,,,,5 / n/a,31: OBS-19; 12:15 to 12:20,docs/measurement/Measure_Observation_2026-09-01.md,https://github.com/Luuuuuig/Bachelor-End-Project/blob/7ec78e840589c711c73055cf6215e3f90040ff8a/docs/measurement/Measure_Observation_2026-09-01.md,7ec78e840589c711c73055cf6215e3f90040ff8a,2026-09-21,| OBS-19 | EXC | 12:15 | 12:20 | — | 0 | Y | Unavailable item: searched for an alternative and contacted manufacturer/supply source. J: choose next exception-handling route. |,"{""Case"": ""OBS-19"", ""Activity"": ""EXC"", ""Start"": ""12:15"", ""End"": ""12:20"", ""Volume"": ""—"", ""INT"": ""0"", ""DEC?"": ""Y"", ""Result / short note"": ""Unavailable item: searched for an alternative and contacted manufacturer/supply source. J: choose next exception-handling route.""}"
2026-09-01,Baseline,32,OBS-19,EXC,Combined activities,P,Monitoring,C,EXCLUDE_EXC,VALID,,3,Exact recorded interval,12:22,12:25,—,0,—,Supplier confirmation covered only part of the PO; follow-up call required.,Check and process supplier confirmations; Follow up order status or delivery commitments,26,Mixed / P,"A supplier confirmation covering only part of the PO provides confirmation-comparison context and leads to supplier follow-up. Task 26 is a probable partial fit; the follow-up communication is not fully represented by it. Monitoring is explicit, and original EXC remains excluded.","A supplier confirmation covering only part of the PO provides confirmation-comparison context and leads to supplier follow-up. Task 26 is a probable partial fit; the follow-up communication is not fully represented by it. Monitoring is explicit, and original EXC remains excluded.",,Arno,live_family,,,,3 / n/a,32: OBS-19; 12:22 to 12:25,docs/measurement/Measure_Observation_2026-09-01.md,https://github.com/Luuuuuig/Bachelor-End-Project/blob/7ec78e840589c711c73055cf6215e3f90040ff8a/docs/measurement/Measure_Observation_2026-09-01.md,7ec78e840589c711c73055cf6215e3f90040ff8a,2026-09-21,| OBS-19 | EXC | 12:22 | 12:25 | — | 0 | — | Supplier confirmation covered only part of the PO; follow-up call required. |,"{""Case"": ""OBS-19"", ""Activity"": ""EXC"", ""Start"": ""12:22"", ""End"": ""12:25"", ""Volume"": ""—"", ""INT"": ""0"", ""DEC?"": ""—"", ""Result / short note"": ""Supplier confirmation covered only part of the PO; follow-up call required.""}"
2026-09-01,Baseline,33,31AUG-OBS-07,OTHER,Maintain purchasing master data,C,Unresolved stage,?,INCLUDE,VALID,8,8,Exact recorded interval,13:15,13:23,—,0,—,Continuation of 31 August article-master work that could not be finished because required data were missing.,,unassigned,U / C,"Preserve the cross-date identity 31AUG-OBS-07. This is eight recorded minutes continuing article-master work with missing data; article-master maintenance is outside the detailed register. The missing fields and purchasing-stage purpose are unspecified, so do not infer specification or count the earlier day again.","Preserve the cross-date identity 31AUG-OBS-07. This is eight recorded minutes continuing article-master work with missing data; article-master maintenance is outside the detailed register. The missing fields and purchasing-stage purpose are unspecified, so do not infer specification or count the earlier day again.",,Arno,live_family,,,,8 / 8,33: 31AUG-OBS-07; 13:15 to 13:23,docs/measurement/Measure_Observation_2026-09-01.md,https://github.com/Luuuuuig/Bachelor-End-Project/blob/7ec78e840589c711c73055cf6215e3f90040ff8a/docs/measurement/Measure_Observation_2026-09-01.md,7ec78e840589c711c73055cf6215e3f90040ff8a,2026-09-21,| 31AUG-OBS-07 | OTHER | 13:15 | 13:23 | — | 0 | — | Continuation of 31 August article-master work that could not be finished because required data were missing. |,"{""Case"": ""31AUG-OBS-07"", ""Activity"": ""OTHER"", ""Start"": ""13:15"", ""End"": ""13:23"", ""Volume"": ""—"", ""INT"": ""0"", ""DEC?"": ""—"", ""Result / short note"": ""Continuation of 31 August article-master work that could not be finished because required data were missing.""}"
2026-09-01,Baseline,34,OBS-20,OTHER,Unresolved activity,?,Unresolved stage,?,INCLUDE,VALID,4,4,Exact recorded interval,13:23,13:27,—,0,—,Read purchasing-related email; exact case subtype not captured.,,unassigned,Unresolved / ?,"Purchasing-related email reading is explicit, but the message subject and task subtype are not recorded. Keep eligible family time while leaving task coverage and stage unresolved; unknown subtype is not evidence of known unregistered work.","Purchasing-related email reading is explicit, but the message subject and task subtype are not recorded. Keep eligible family time while leaving task coverage and stage unresolved; unknown subtype is not evidence of known unregistered work.",,Arno,live_family,,,,4 / 4,34: OBS-20; 13:23 to 13:27,docs/measurement/Measure_Observation_2026-09-01.md,https://github.com/Luuuuuig/Bachelor-End-Project/blob/7ec78e840589c711c73055cf6215e3f90040ff8a/docs/measurement/Measure_Observation_2026-09-01.md,7ec78e840589c711c73055cf6215e3f90040ff8a,2026-09-21,| OBS-20 | OTHER | 13:23 | 13:27 | — | 0 | — | Read purchasing-related email; exact case subtype not captured. |,"{""Case"": ""OBS-20"", ""Activity"": ""OTHER"", ""Start"": ""13:23"", ""End"": ""13:27"", ""Volume"": ""—"", ""INT"": ""0"", ""DEC?"": ""—"", ""Result / short note"": ""Read purchasing-related email; exact case subtype not captured.""}"
2026-09-01,Baseline,35,OBS-21,EXC,Unresolved activity,?,Unresolved stage,?,EXCLUDE_EXC,VALID,,2,Exact recorded interval,13:27,13:29,—,0,—,Supplier question originating from Sales. Start time corrected from prior transcription to remove overlap with OBS-20.,,unassigned,Unresolved / ?,"The supplier question originated in Sales, but its content is absent. Preserve the corrected 13:27-13:29 interval and original EXC; do not infer stage or specific task from the participants.","The supplier question originated in Sales, but its content is absent. Preserve the corrected 13:27-13:29 interval and original EXC; do not infer stage or specific task from the participants.",,Arno,live_family,,,,2 / n/a,35: OBS-21; 13:27 to 13:29,docs/measurement/Measure_Observation_2026-09-01.md,https://github.com/Luuuuuig/Bachelor-End-Project/blob/7ec78e840589c711c73055cf6215e3f90040ff8a/docs/measurement/Measure_Observation_2026-09-01.md,7ec78e840589c711c73055cf6215e3f90040ff8a,2026-09-21,| OBS-21 | EXC | 13:27 | 13:29 | — | 0 | — | Supplier question originating from Sales. Start time corrected from prior transcription to remove overlap with OBS-20. |,"{""Case"": ""OBS-21"", ""Activity"": ""EXC"", ""Start"": ""13:27"", ""End"": ""13:29"", ""Volume"": ""—"", ""INT"": ""0"", ""DEC?"": ""—"", ""Result / short note"": ""Supplier question originating from Sales. Start time corrected from prior transcription to remove overlap with OBS-20.""}"
2026-09-01,Baseline,36,OBS-22,PO,"Prepare, amend or release a purchase order",P,Ordering,C,INCLUDE,VALID,21,21,Exact recorded interval,13:29,13:50,—,0,Y,Determine what needed to be ordered and create one PO. Combined order-processing episode; exact internal task split unsupported. `MAXOBS=?`.,,17,Mapped / P,"Determining what to order and creating a PO establish ordering purpose. Task 17 is a supported probable fit for the combined episode, but the assessed inputs and internal actions are not specified. Do not assign the full Tasks 6-17 range, approval/release steps or a task-duration split; MAXOBS remains unknown.","Determining what to order and creating a PO establish ordering purpose. Task 17 is a supported probable fit for the combined episode, but the assessed inputs and internal actions are not specified. Do not assign the full Tasks 6-17 range, approval/release steps or a task-duration split; MAXOBS remains unknown.",,Arno,live_family,,,,21 / 21,36: OBS-22; 13:29 to 13:50,docs/measurement/Measure_Observation_2026-09-01.md,https://github.com/Luuuuuig/Bachelor-End-Project/blob/7ec78e840589c711c73055cf6215e3f90040ff8a/docs/measurement/Measure_Observation_2026-09-01.md,7ec78e840589c711c73055cf6215e3f90040ff8a,2026-09-21,| OBS-22 | PO | 13:29 | 13:50 | — | 0 | Y | Determine what needed to be ordered and create one PO. Combined order-processing episode; exact internal task split unsupported. `MAXOBS=?`. |,"{""Case"": ""OBS-22"", ""Activity"": ""PO"", ""Start"": ""13:29"", ""End"": ""13:50"", ""Volume"": ""—"", ""INT"": ""0"", ""DEC?"": ""Y"", ""Result / short note"": ""Determine what needed to be ordered and create one PO. Combined order-processing episode; exact internal task split unsupported. `MAXOBS=?`.""}"
2026-09-01,Baseline,37,OBS-23,PO,"Prepare, amend or release a purchase order",P,Ordering,C,INCLUDE,VALID,3,3,Exact recorded interval,13:50,13:53,—,0,—,One PO created. `MAXOBS=?`.,,17,Mapped / P,"One PO is created, establishing ordering purpose and probable order preparation under Task 17. Creation alone does not establish authorization, Fiatteren, release, supplier forwarding or separately timed system generation. Preserve MAXOBS=? rather than treating it as no MAX.","One PO is created, establishing ordering purpose and probable order preparation under Task 17. Creation alone does not establish authorization, Fiatteren, release, supplier forwarding or separately timed system generation. Preserve MAXOBS=? rather than treating it as no MAX.",,Arno,live_family,,,,3 / 3,37: OBS-23; 13:50 to 13:53,docs/measurement/Measure_Observation_2026-09-01.md,https://github.com/Luuuuuig/Bachelor-End-Project/blob/7ec78e840589c711c73055cf6215e3f90040ff8a/docs/measurement/Measure_Observation_2026-09-01.md,7ec78e840589c711c73055cf6215e3f90040ff8a,2026-09-21,| OBS-23 | PO | 13:50 | 13:53 | — | 0 | — | One PO created. `MAXOBS=?`. |,"{""Case"": ""OBS-23"", ""Activity"": ""PO"", ""Start"": ""13:50"", ""End"": ""13:53"", ""Volume"": ""—"", ""INT"": ""0"", ""DEC?"": ""—"", ""Result / short note"": ""One PO created. `MAXOBS=?`.""}"
2026-09-01,Baseline,38,OBS-24,PO,"Prepare, amend or release a purchase order",P,Ordering,C,INCLUDE,VALID,1,1,Exact recorded interval,13:53,13:54,—,1,—,One PO created; interrupted by OBS-25 phone case and resumed at 13:55. `MAXOBS=?`.,,17,Mapped / P,"Initial PO-creation segment precedes the explicitly recorded OBS-25 interruption and later resumption. Map probable Task 17 within ordering, with no inferred approval steps, extra interruption time or MAX result.","Initial PO-creation segment precedes the explicitly recorded OBS-25 interruption and later resumption. Map probable Task 17 within ordering, with no inferred approval steps, extra interruption time or MAX result.",,Arno,live_family,,,,1 / 1,38: OBS-24; 13:53 to 13:54,docs/measurement/Measure_Observation_2026-09-01.md,https://github.com/Luuuuuig/Bachelor-End-Project/blob/7ec78e840589c711c73055cf6215e3f90040ff8a/docs/measurement/Measure_Observation_2026-09-01.md,7ec78e840589c711c73055cf6215e3f90040ff8a,2026-09-21,| OBS-24 | PO | 13:53 | 13:54 | — | 1 | — | One PO created; interrupted by OBS-25 phone case and resumed at 13:55. `MAXOBS=?`. |,"{""Case"": ""OBS-24"", ""Activity"": ""PO"", ""Start"": ""13:53"", ""End"": ""13:54"", ""Volume"": ""—"", ""INT"": ""1"", ""DEC?"": ""—"", ""Result / short note"": ""One PO created; interrupted by OBS-25 phone case and resumed at 13:55. `MAXOBS=?`.""}"
2026-09-01,Baseline,39,OBS-25,REQ,Unresolved activity,?,Ordering,P,REVIEW_SCOPE,VALID,,,Untimed,—,—,—,0,—,Phone request concerning an existing PO.,,unassigned,Unresolved / ?,"Phone intake concerns an existing PO and leads directly to its adjustment, supporting probable ordering context. The amendment reason is absent, so routine preparation versus excluded aftercare is unresolved. It is not established as new purchasing-need intake; duration remains absent.","Phone intake concerns an existing PO and leads directly to its adjustment, supporting probable ordering context. The amendment reason is absent, so routine preparation versus excluded aftercare is unresolved. It is not established as new purchasing-need intake; duration remains absent.",,Arno,live_family,,,,n/a / n/a,39: OBS-25; untimed,docs/measurement/Measure_Observation_2026-09-01.md,https://github.com/Luuuuuig/Bachelor-End-Project/blob/7ec78e840589c711c73055cf6215e3f90040ff8a/docs/measurement/Measure_Observation_2026-09-01.md,7ec78e840589c711c73055cf6215e3f90040ff8a,2026-09-21,| OBS-25 | REQ | — | — | — | 0 | — | Phone request concerning an existing PO. |,"{""Case"": ""OBS-25"", ""Activity"": ""REQ"", ""Start"": ""—"", ""End"": ""—"", ""Volume"": ""—"", ""INT"": ""0"", ""DEC?"": ""—"", ""Result / short note"": ""Phone request concerning an existing PO.""}"
2026-09-01,Baseline,40,OBS-25,PO,"Prepare, amend or release a purchase order",P,Ordering,P,REVIEW_SCOPE,VALID,,1,Exact recorded interval,13:54,13:55,1L,0,Y,Adjust existing PO; judgement recorded in live notes. `MAXOBS=?`.,,17,Mapped / P,"Adjustment of an existing PO establishes ordering activity and probably overlaps Task 17, but the reason is absent. Normal preparation versus excluded exception/cancellation rework cannot be separated. Keep the one recorded minute and judgement flag without eligible minutes or inferred MAX/HOLD outcome.","Adjustment of an existing PO establishes ordering activity and probably overlaps Task 17, but the reason is absent. Normal preparation versus excluded exception/cancellation rework cannot be separated. Keep the one recorded minute and judgement flag without eligible minutes or inferred MAX/HOLD outcome. Stage reassessment, 21 September: The recorded PO adjustment supports provisional order amendment, but its purpose is missing. Confirmation-related correction remains possible, so ordering is not certain. Scope stays under review. Current stage: VW4 / P.","21 September: VW4 / C to VW4 / P. The recorded PO adjustment supports provisional order amendment, but its purpose is missing. Confirmation-related correction remains possible, so ordering is not certain. Scope stays under review.",Arno,live_family,,,,1 / n/a,40: OBS-25; 13:54 to 13:55,docs/measurement/Measure_Observation_2026-09-01.md,https://github.com/Luuuuuig/Bachelor-End-Project/blob/7ec78e840589c711c73055cf6215e3f90040ff8a/docs/measurement/Measure_Observation_2026-09-01.md,7ec78e840589c711c73055cf6215e3f90040ff8a,2026-09-21,| OBS-25 | PO | 13:54 | 13:55 | 1L | 0 | Y | Adjust existing PO; judgement recorded in live notes. `MAXOBS=?`. |,"{""Case"": ""OBS-25"", ""Activity"": ""PO"", ""Start"": ""13:54"", ""End"": ""13:55"", ""Volume"": ""1L"", ""INT"": ""0"", ""DEC?"": ""Y"", ""Result / short note"": ""Adjust existing PO; judgement recorded in live notes. `MAXOBS=?`.""}"
2026-09-01,Baseline,41,OBS-24,PO,"Prepare, amend or release a purchase order",P,Ordering,C,INCLUDE,VALID,2,2,Exact recorded interval,13:55,13:57,—,0,—,Resume and complete PO creation after OBS-25 interruption. `MAXOBS=?`.,,17,Mapped / P,The source explicitly resumes and completes OBS-24 PO creation. Preserve this separate two-minute segment after the interruption and probable Task 17; do not count OBS-25 time as part of this case or infer approval/release steps.,The source explicitly resumes and completes OBS-24 PO creation. Preserve this separate two-minute segment after the interruption and probable Task 17; do not count OBS-25 time as part of this case or infer approval/release steps.,,Arno,live_family,,,,2 / 2,41: OBS-24; 13:55 to 13:57,docs/measurement/Measure_Observation_2026-09-01.md,https://github.com/Luuuuuig/Bachelor-End-Project/blob/7ec78e840589c711c73055cf6215e3f90040ff8a/docs/measurement/Measure_Observation_2026-09-01.md,7ec78e840589c711c73055cf6215e3f90040ff8a,2026-09-21,| OBS-24 | PO | 13:55 | 13:57 | — | 0 | — | Resume and complete PO creation after OBS-25 interruption. `MAXOBS=?`. |,"{""Case"": ""OBS-24"", ""Activity"": ""PO"", ""Start"": ""13:55"", ""End"": ""13:57"", ""Volume"": ""—"", ""INT"": ""0"", ""DEC?"": ""—"", ""Result / short note"": ""Resume and complete PO creation after OBS-25 interruption. `MAXOBS=?`.""}"
2026-09-01,Baseline,42,OBS-26,PO,"Prepare, amend or release a purchase order",P,Ordering,C,INCLUDE,VALID,1,1,Exact recorded interval,13:57,13:58,—,0,—,One PO created. `MAXOBS=?`.,,17,Mapped / P,"One PO is created, supporting probable Task 17 and confident ordering purpose. No specific authorization, approval, release or system-generation action is separately evidenced; MAXOBS remains unknown.","One PO is created, supporting probable Task 17 and confident ordering purpose. No specific authorization, approval, release or system-generation action is separately evidenced; MAXOBS remains unknown.",,Arno,live_family,,,,1 / 1,42: OBS-26; 13:57 to 13:58,docs/measurement/Measure_Observation_2026-09-01.md,https://github.com/Luuuuuig/Bachelor-End-Project/blob/7ec78e840589c711c73055cf6215e3f90040ff8a/docs/measurement/Measure_Observation_2026-09-01.md,7ec78e840589c711c73055cf6215e3f90040ff8a,2026-09-21,| OBS-26 | PO | 13:57 | 13:58 | — | 0 | — | One PO created. `MAXOBS=?`. |,"{""Case"": ""OBS-26"", ""Activity"": ""PO"", ""Start"": ""13:57"", ""End"": ""13:58"", ""Volume"": ""—"", ""INT"": ""0"", ""DEC?"": ""—"", ""Result / short note"": ""One PO created. `MAXOBS=?`.""}"
2026-09-01,Baseline,43,OBS-27,PO,"Prepare, amend or release a purchase order",P,Ordering,C,INCLUDE,VALID,5,5,Exact recorded interval,13:58,14:03,—,0,—,One PO created. `MAXOBS=?`.,,17,Mapped / P,"One PO is created, supporting probable Task 17 and confident ordering purpose. The later MAX/HOLD episode is separate; do not import its later actions into these five minutes or infer approval/release steps.","One PO is created, supporting probable Task 17 and confident ordering purpose. The later MAX/HOLD episode is separate; do not import its later actions into these five minutes or infer approval/release steps.",,Arno,live_family,,,,5 / 5,43: OBS-27; 13:58 to 14:03,docs/measurement/Measure_Observation_2026-09-01.md,https://github.com/Luuuuuig/Bachelor-End-Project/blob/7ec78e840589c711c73055cf6215e3f90040ff8a/docs/measurement/Measure_Observation_2026-09-01.md,7ec78e840589c711c73055cf6215e3f90040ff8a,2026-09-21,| OBS-27 | PO | 13:58 | 14:03 | — | 0 | — | One PO created. `MAXOBS=?`. |,"{""Case"": ""OBS-27"", ""Activity"": ""PO"", ""Start"": ""13:58"", ""End"": ""14:03"", ""Volume"": ""—"", ""INT"": ""0"", ""DEC?"": ""—"", ""Result / short note"": ""One PO created. `MAXOBS=?`.""}"
2026-09-01,Baseline,44,OBS-28,PO,"Prepare, amend or release a purchase order",P,Ordering,C,INCLUDE,VALID,2,2,Exact recorded interval,14:03,14:05,—,0,—,One PO created. `MAXOBS=?`.,,17,Mapped / P,"One PO is created, supporting probable Task 17 and confident ordering purpose. Preserve MAXOBS=? and do not infer authorization or release tasks from creation alone.","One PO is created, supporting probable Task 17 and confident ordering purpose. Preserve MAXOBS=? and do not infer authorization or release tasks from creation alone.",,Arno,live_family,,,,2 / 2,44: OBS-28; 14:03 to 14:05,docs/measurement/Measure_Observation_2026-09-01.md,https://github.com/Luuuuuig/Bachelor-End-Project/blob/7ec78e840589c711c73055cf6215e3f90040ff8a/docs/measurement/Measure_Observation_2026-09-01.md,7ec78e840589c711c73055cf6215e3f90040ff8a,2026-09-21,| OBS-28 | PO | 14:03 | 14:05 | — | 0 | — | One PO created. `MAXOBS=?`. |,"{""Case"": ""OBS-28"", ""Activity"": ""PO"", ""Start"": ""14:03"", ""End"": ""14:05"", ""Volume"": ""—"", ""INT"": ""0"", ""DEC?"": ""—"", ""Result / short note"": ""One PO created. `MAXOBS=?`.""}"
2026-09-01,Baseline,45,OBS-23,PO,"Assess demand, consolidate and decide order timing",P,Ordering,C,INCLUDE,VALID,4,4,Exact recorded interval,14:05,14:09,—,0,Y,HOLD outcome observed. MAX check was not explicitly captured: `MAXOBS=?`.,,11,Mapped / P,"HOLD is observed, which provisionally matches the hold/proceed task. The MAX check, exact HOLD cues and intervening assessment are not captured; do not add Tasks 7, 8 or 10 or treat all four minutes as pure decision time.","HOLD is observed, which provisionally matches the hold/proceed task. The MAX check, exact HOLD cues and intervening assessment are not captured; do not add Tasks 7, 8 or 10 or treat all four minutes as pure decision time.",,Arno,live_family,,,,4 / 4,45: OBS-23; 14:05 to 14:09,docs/measurement/Measure_Observation_2026-09-01.md,https://github.com/Luuuuuig/Bachelor-End-Project/blob/7ec78e840589c711c73055cf6215e3f90040ff8a/docs/measurement/Measure_Observation_2026-09-01.md,7ec78e840589c711c73055cf6215e3f90040ff8a,2026-09-21,| OBS-23 | PO | 14:05 | 14:09 | — | 0 | Y | HOLD outcome observed. MAX check was not explicitly captured: `MAXOBS=?`. |,"{""Case"": ""OBS-23"", ""Activity"": ""PO"", ""Start"": ""14:05"", ""End"": ""14:09"", ""Volume"": ""—"", ""INT"": ""0"", ""DEC?"": ""Y"", ""Result / short note"": ""HOLD outcome observed. MAX check was not explicitly captured: `MAXOBS=?`.""}"
2026-09-01,Baseline,46,OBS-24,PO,"Assess demand, consolidate and decide order timing",P,Ordering,C,INCLUDE,VALID,2,2,Exact recorded interval,14:09,14:11,—,0,Y,"`MAXOBS=Y; MAX=?; HOLD`. MAX occurred, but ADD/NONE result was not separately captured.",,7;11,Mapped / P,"MAX occurrence and HOLD are explicit, providing probable coverage by the MAX-check and hold/proceed tasks. ADD/NONE and detailed assessment cues are absent, so do not infer Task 9 or a separately evidenced Task 8/10 sequence. Preserve the combined two-minute interval once.","MAX occurrence and HOLD are explicit, providing probable coverage by the MAX-check and hold/proceed tasks. ADD/NONE and detailed assessment cues are absent, so do not infer Task 9 or a separately evidenced Task 8/10 sequence. Preserve the combined two-minute interval once.",,Arno,live_family,,,,2 / 2,46: OBS-24; 14:09 to 14:11,docs/measurement/Measure_Observation_2026-09-01.md,https://github.com/Luuuuuig/Bachelor-End-Project/blob/7ec78e840589c711c73055cf6215e3f90040ff8a/docs/measurement/Measure_Observation_2026-09-01.md,7ec78e840589c711c73055cf6215e3f90040ff8a,2026-09-21,"| OBS-24 | PO | 14:09 | 14:11 | — | 0 | Y | `MAXOBS=Y; MAX=?; HOLD`. MAX occurred, but ADD/NONE result was not separately captured. |","{""Case"": ""OBS-24"", ""Activity"": ""PO"", ""Start"": ""14:09"", ""End"": ""14:11"", ""Volume"": ""—"", ""INT"": ""0"", ""DEC?"": ""Y"", ""Result / short note"": ""`MAXOBS=Y; MAX=?; HOLD`. MAX occurred, but ADD/NONE result was not separately captured.""}"
2026-09-01,Baseline,47,OBS-26,PO,"Assess demand, consolidate and decide order timing",P,Ordering,C,INCLUDE,VALID,1,1,Exact recorded interval,14:11,14:12,—,0,Y,`MAXOBS=Y; MAX=?; HOLD`.,,7;11,Mapped / P,"MAX occurrence and HOLD are recorded, supporting probable MAX-check/hold coverage. The consolidation result and assessment cues remain unknown. Keep one combined minute without task or decision-time subdivision.","MAX occurrence and HOLD are recorded, supporting probable MAX-check/hold coverage. The consolidation result and assessment cues remain unknown. Keep one combined minute without task or decision-time subdivision.",,Arno,live_family,,,,1 / 1,47: OBS-26; 14:11 to 14:12,docs/measurement/Measure_Observation_2026-09-01.md,https://github.com/Luuuuuig/Bachelor-End-Project/blob/7ec78e840589c711c73055cf6215e3f90040ff8a/docs/measurement/Measure_Observation_2026-09-01.md,7ec78e840589c711c73055cf6215e3f90040ff8a,2026-09-21,| OBS-26 | PO | 14:11 | 14:12 | — | 0 | Y | `MAXOBS=Y; MAX=?; HOLD`. |,"{""Case"": ""OBS-26"", ""Activity"": ""PO"", ""Start"": ""14:11"", ""End"": ""14:12"", ""Volume"": ""—"", ""INT"": ""0"", ""DEC?"": ""Y"", ""Result / short note"": ""`MAXOBS=Y; MAX=?; HOLD`.""}"
2026-09-01,Baseline,48,OBS-29,PO,"Assess demand, consolidate and decide order timing",P,Ordering,C,INCLUDE,VALID,5,5,Exact recorded interval,14:12,14:17,7L,1,Y,`MAXOBS=Y; MAX=ADD; 5L original; +2L; 7L total`. Final ORD/HOLD outcome not captured. Interruption recorded; subtype not captured.,,7;9,Mapped / P,"MAX occurred and two lines were explicitly added to five original lines, supporting MAX-check/consolidation coverage. Preserve seven total lines and the interruption; final ORD/HOLD is absent, so no Task 11 outcome or separately timed Task 17/decision is inferred.","MAX occurred and two lines were explicitly added to five original lines, supporting MAX-check/consolidation coverage. Preserve seven total lines and the interruption; final ORD/HOLD is absent, so no Task 11 outcome or separately timed Task 17/decision is inferred.",,Arno,live_family,,,,5 / 5,48: OBS-29; 14:12 to 14:17,docs/measurement/Measure_Observation_2026-09-01.md,https://github.com/Luuuuuig/Bachelor-End-Project/blob/7ec78e840589c711c73055cf6215e3f90040ff8a/docs/measurement/Measure_Observation_2026-09-01.md,7ec78e840589c711c73055cf6215e3f90040ff8a,2026-09-21,| OBS-29 | PO | 14:12 | 14:17 | 7L | 1 | Y | `MAXOBS=Y; MAX=ADD; 5L original; +2L; 7L total`. Final ORD/HOLD outcome not captured. Interruption recorded; subtype not captured. |,"{""Case"": ""OBS-29"", ""Activity"": ""PO"", ""Start"": ""14:12"", ""End"": ""14:17"", ""Volume"": ""7L"", ""INT"": ""1"", ""DEC?"": ""Y"", ""Result / short note"": ""`MAXOBS=Y; MAX=ADD; 5L original; +2L; 7L total`. Final ORD/HOLD outcome not captured. Interruption recorded; subtype not captured.""}"
2026-09-01,Baseline,49,OBS-27,PO,"Assess demand, consolidate and decide order timing",P,Ordering,C,INCLUDE,VALID,2,2,Exact recorded interval,14:17,14:19,27L,0,Y,`MAXOBS=Y; MAX=ADD; 23L original; +4L; HOLD`. Preserve as observed. This supports the clarified AS-IS rule that post-MAX HOLD/ORD is assessed whether or not demand was added; the specific HOLD cues were not captured.,,7;9;11,Mapped / P,"MAX, four added lines and HOLD are explicit in one two-minute ordering episode. Preserve 23 original and 27 total lines and the coexistence of ADD with HOLD. Task coverage is probable because the detailed search/assessment boundaries and HOLD cues are absent; no time split or additional Task 10 is invented.","MAX, four added lines and HOLD are explicit in one two-minute ordering episode. Preserve 23 original and 27 total lines and the coexistence of ADD with HOLD. Task coverage is probable because the detailed search/assessment boundaries and HOLD cues are absent; no time split or additional Task 10 is invented.",,Arno,live_family,,,,2 / 2,49: OBS-27; 14:17 to 14:19,docs/measurement/Measure_Observation_2026-09-01.md,https://github.com/Luuuuuig/Bachelor-End-Project/blob/7ec78e840589c711c73055cf6215e3f90040ff8a/docs/measurement/Measure_Observation_2026-09-01.md,7ec78e840589c711c73055cf6215e3f90040ff8a,2026-09-21,| OBS-27 | PO | 14:17 | 14:19 | 27L | 0 | Y | `MAXOBS=Y; MAX=ADD; 23L original; +4L; HOLD`. Preserve as observed. This supports the clarified AS-IS rule that post-MAX HOLD/ORD is assessed whether or not demand was added; the specific HOLD cues were not captured. |,"{""Case"": ""OBS-27"", ""Activity"": ""PO"", ""Start"": ""14:17"", ""End"": ""14:19"", ""Volume"": ""27L"", ""INT"": ""0"", ""DEC?"": ""Y"", ""Result / short note"": ""`MAXOBS=Y; MAX=ADD; 23L original; +4L; HOLD`. Preserve as observed. This supports the clarified AS-IS rule that post-MAX HOLD/ORD is assessed whether or not demand was added; the specific HOLD cues were not captured.""}"
2026-09-01,Baseline,50,OBS-30,PO,"Assess demand, consolidate and decide order timing",P,Ordering,C,INCLUDE,VALID,1,1,Exact recorded interval,14:20,14:21,15L,0,Y,"`MAXOBS=Y; 8L original; 15L total; HOLD`. Recorded totals imply added demand, but the exact MAX result was not separately written; verify before coding `MAX=ADD`.",,7;11,Mapped / P,"MAX occurrence, eight original lines, fifteen total lines and HOLD are recorded. Preserve these facts without converting the arithmetic increase into an explicitly observed MAX=ADD result or assigning Task 9. MAX-check/hold coverage is probable; the one-minute episode remains combined.","MAX occurrence, eight original lines, fifteen total lines and HOLD are recorded. Preserve these facts without converting the arithmetic increase into an explicitly observed MAX=ADD result or assigning Task 9. MAX-check/hold coverage is probable; the one-minute episode remains combined.",,Arno,live_family,,,,1 / 1,50: OBS-30; 14:20 to 14:21,docs/measurement/Measure_Observation_2026-09-01.md,https://github.com/Luuuuuig/Bachelor-End-Project/blob/7ec78e840589c711c73055cf6215e3f90040ff8a/docs/measurement/Measure_Observation_2026-09-01.md,7ec78e840589c711c73055cf6215e3f90040ff8a,2026-09-21,"| OBS-30 | PO | 14:20 | 14:21 | 15L | 0 | Y | `MAXOBS=Y; 8L original; 15L total; HOLD`. Recorded totals imply added demand, but the exact MAX result was not separately written; verify before coding `MAX=ADD`. |","{""Case"": ""OBS-30"", ""Activity"": ""PO"", ""Start"": ""14:20"", ""End"": ""14:21"", ""Volume"": ""15L"", ""INT"": ""0"", ""DEC?"": ""Y"", ""Result / short note"": ""`MAXOBS=Y; 8L original; 15L total; HOLD`. Recorded totals imply added demand, but the exact MAX result was not separately written; verify before coding `MAX=ADD`.""}"
2026-09-08,Baseline,1,OBS-01,EXC,Unresolved activity,?,Unresolved stage,?,EXCLUDE_EXC,VALID,,7,Exact recorded interval,10:30,10:37,/,/,1,There is something wrong with the order,,unassigned,Unresolved / ?,"An order problem is recorded without its nature, purchasing control point or observed response; EXC alone cannot establish an activity subtype.",Original EXC: unspecified order problem. No particular register task or purchasing stage is established.,,Arno,live_family,,,,7 / n/a,1: OBS-01; 10:30 to 10:37,docs/measurement/Measure_Observation_2026-09-08.md,https://github.com/Luuuuuig/Bachelor-End-Project/blob/7ec78e840589c711c73055cf6215e3f90040ff8a/docs/measurement/Measure_Observation_2026-09-08.md,7ec78e840589c711c73055cf6215e3f90040ff8a,2026-09-21,| OBS-01 | EXC | 10:30 | 10:37 | / | / | 1 | There is something wrong with the order |,"{""Case"": ""OBS-01"", ""Activity as written"": ""EXC"", ""Start"": ""10:30"", ""End"": ""10:37"", ""Volume"": ""/"", ""INT"": ""/"", ""DEC?"": ""1"", ""Result / short note"": ""There is something wrong with the order""}"
2026-09-08,Baseline,2,OBS-01,SEND,Unresolved activity,?,Unresolved stage,?,REVIEW_SCOPE,VALID,,2,Exact recorded interval,10:37,10:39,/,1,/,,,unassigned,Unresolved / ?,SEND has no content or recipient. Neither supplier-PO forwarding nor cancellation handling is established for this separate episode.,No communication purpose recorded. An EXC episode in the same case does not by itself establish that this SEND is aftercare.,,Arno,live_family,,,,2 / n/a,2: OBS-01; 10:37 to 10:39,docs/measurement/Measure_Observation_2026-09-08.md,https://github.com/Luuuuuig/Bachelor-End-Project/blob/7ec78e840589c711c73055cf6215e3f90040ff8a/docs/measurement/Measure_Observation_2026-09-08.md,7ec78e840589c711c73055cf6215e3f90040ff8a,2026-09-21,| OBS-01 | SEND | 10:37 | 10:39 | / | 1 | / |  |,"{""Case"": ""OBS-01"", ""Activity as written"": ""SEND"", ""Start"": ""10:37"", ""End"": ""10:39"", ""Volume"": ""/"", ""INT"": ""1"", ""DEC?"": ""/"", ""Result / short note"": """"}"
2026-09-08,Baseline,3,OBS-02,EXC,Unresolved activity,?,Unresolved stage,?,EXCLUDE_EXC,VALID,,2,Exact recorded interval,10:39,10:41,/,/,/,Finance unpaid.,,unassigned,Unresolved / ?,Finance unpaid describes a problem without a recorded investigation or control action; do not infer an invoice discrepancy investigation.,Original EXC: Finance unpaid. This does not establish a Finance-return investigation under Task 30 or a precise stage.,,Arno,live_family,,,,2 / n/a,3: OBS-02; 10:39 to 10:41,docs/measurement/Measure_Observation_2026-09-08.md,https://github.com/Luuuuuig/Bachelor-End-Project/blob/7ec78e840589c711c73055cf6215e3f90040ff8a/docs/measurement/Measure_Observation_2026-09-08.md,7ec78e840589c711c73055cf6215e3f90040ff8a,2026-09-21,| OBS-02 | EXC | 10:39 | 10:41 | / | / | / | Finance unpaid. |,"{""Case"": ""OBS-02"", ""Activity as written"": ""EXC"", ""Start"": ""10:39"", ""End"": ""10:41"", ""Volume"": ""/"", ""INT"": ""/"", ""DEC?"": ""/"", ""Result / short note"": ""Finance unpaid.""}"
2026-09-08,Baseline,4,OBS-01,SEND,Unresolved activity,?,Unresolved stage,?,EXCLUDE_AFTERCARE,VALID,,1,Exact recorded interval,10:41,10:42,/,/,/,"Arno was drafting mail, coincidentally Johan walk through",,unassigned,U / P,"Email drafting probably forms part of cancellation handling, but its content and purchasing-stage purpose remain unrecorded. Do not substitute a supplier-send or PO-amendment category.","Draft email interrupted by Johan, followed by discussion and an explicit cancellation attempt, supports a cancellation-handling sequence. Exact email content and stage remain unrecorded.",,Arno,live_family,,,,1 / n/a,4: OBS-01; 10:41 to 10:42,docs/measurement/Measure_Observation_2026-09-08.md,https://github.com/Luuuuuig/Bachelor-End-Project/blob/7ec78e840589c711c73055cf6215e3f90040ff8a/docs/measurement/Measure_Observation_2026-09-08.md,7ec78e840589c711c73055cf6215e3f90040ff8a,2026-09-21,"| OBS-01 | SEND | 10:41 | 10:42 | / | / | / | Arno was drafting mail, coincidentally Johan walk through |","{""Case"": ""OBS-01"", ""Activity as written"": ""SEND"", ""Start"": ""10:41"", ""End"": ""10:42"", ""Volume"": ""/"", ""INT"": ""/"", ""DEC?"": ""/"", ""Result / short note"": ""Arno was drafting mail, coincidentally Johan walk through""}"
2026-09-08,Baseline,5,OBS-01,OTHER,Unresolved activity,?,Unresolved stage,?,EXCLUDE_AFTERCARE,VALID,,4,Exact recorded interval,10:42,10:46,/,/,/,Discuss with Johan; no mail.,,unassigned,U / P,"Discussion with Johan is probably cancellation-related; the recorded discussion does not establish a catalogued order amendment, confirmation check or other specific action.",Discussion with Johan lies between drafting the interrupted email and the explicit cancellation message; the separate OBS-01 notes concern cancellation and asking Johan about confirmation. Classified as cancellation-related discussion; stage unresolved.,,Arno,live_family,,,,4 / n/a,5: OBS-01; 10:42 to 10:46,docs/measurement/Measure_Observation_2026-09-08.md,https://github.com/Luuuuuig/Bachelor-End-Project/blob/7ec78e840589c711c73055cf6215e3f90040ff8a/docs/measurement/Measure_Observation_2026-09-08.md,7ec78e840589c711c73055cf6215e3f90040ff8a,2026-09-21,| OBS-01 | OTHER | 10:42 | 10:46 | / | / | / | Discuss with Johan; no mail.|,"{""Case"": ""OBS-01"", ""Activity as written"": ""OTHER"", ""Start"": ""10:42"", ""End"": ""10:46"", ""Volume"": ""/"", ""INT"": ""/"", ""DEC?"": ""/"", ""Result / short note"": ""Discuss with Johan; no mail.""}"
2026-09-08,Baseline,6,OBS-01,SEND,Unresolved activity,?,Unresolved stage,?,EXCLUDE_AFTERCARE,VALID,,4,Exact recorded interval,10:46,10:50,/,/,/,cancellation attmept for component,,unassigned,U / C,"Attempted component cancellation is explicit, but no catalogued stage-specific action is established by the communication alone. Preserve the known cancellation subtype in this reason and the unresolved stage.",Explicit attempt to cancel a component is excluded aftercare communication. The register has no specific cancellation-communication task; stage is not inferred from SEND.,,Arno,live_family,,,,4 / n/a,6: OBS-01; 10:46 to 10:50,docs/measurement/Measure_Observation_2026-09-08.md,https://github.com/Luuuuuig/Bachelor-End-Project/blob/7ec78e840589c711c73055cf6215e3f90040ff8a/docs/measurement/Measure_Observation_2026-09-08.md,7ec78e840589c711c73055cf6215e3f90040ff8a,2026-09-21,| OBS-01 | SEND | 10:46 | 10:50 | / | / | / | cancellation attmept for component |,"{""Case"": ""OBS-01"", ""Activity as written"": ""SEND"", ""Start"": ""10:46"", ""End"": ""10:50"", ""Volume"": ""/"", ""INT"": ""/"", ""DEC?"": ""/"", ""Result / short note"": ""cancellation attmept for component""}"
2026-09-08,Baseline,7,OBS-03,REQ-mail,Unresolved activity,?,Unresolved stage,?,REVIEW_SCOPE,VALID,,,Untimed,/,/,/,/,/,,,1,Mapped / P,The transport-related email request could concern purchasing a service or logistics execution. Its requirement-definition versus defined-order purpose is unresolved.,"Recorded request by email supports probable purchasing intake. OBS-03 is identified as transport, but purchasing a transport service versus logistics execution is unresolved.",,Arno,live_family,,,,n/a / n/a,7: OBS-03; untimed,docs/measurement/Measure_Observation_2026-09-08.md,https://github.com/Luuuuuig/Bachelor-End-Project/blob/7ec78e840589c711c73055cf6215e3f90040ff8a/docs/measurement/Measure_Observation_2026-09-08.md,7ec78e840589c711c73055cf6215e3f90040ff8a,2026-09-21,| OBS-03 | REQ-mail | / | / | / | / | / |  |,"{""Case"": ""OBS-03"", ""Activity as written"": ""REQ-mail"", ""Start"": ""/"", ""End"": ""/"", ""Volume"": ""/"", ""INT"": ""/"", ""DEC?"": ""/"", ""Result / short note"": """"}"
2026-09-08,Baseline,8,OBS-03,CLAR,Unresolved activity,?,Unresolved stage,?,REVIEW_SCOPE,VALID,,2,Exact recorded interval,10:51,10:53,/,/,/,,,unassigned,Unresolved / ?,The CLAR row has no explanatory action. Transport case context does not identify a specific activity.,CLAR has no explanatory note. OBS-03 transport context does not resolve the particular task or whether this is purchasing a transport service versus logistics execution.,,Arno,live_family,,,,2 / n/a,8: OBS-03; 10:51 to 10:53,docs/measurement/Measure_Observation_2026-09-08.md,https://github.com/Luuuuuig/Bachelor-End-Project/blob/7ec78e840589c711c73055cf6215e3f90040ff8a/docs/measurement/Measure_Observation_2026-09-08.md,7ec78e840589c711c73055cf6215e3f90040ff8a,2026-09-21,| OBS-03 | CLAR | 10:51 | 10:53 | / | / | / |  |,"{""Case"": ""OBS-03"", ""Activity as written"": ""CLAR"", ""Start"": ""10:51"", ""End"": ""10:53"", ""Volume"": ""/"", ""INT"": ""/"", ""DEC?"": ""/"", ""Result / short note"": """"}"
2026-09-08,Baseline,9,OBS-03,PO,"Prepare, amend or release a purchase order",P,Ordering,P,REVIEW_SCOPE,VALID,,2,Exact recorded interval,10:53,10:55,1L,1,/,"See price 196 Euro, It is for transport",,17,Mapped / P,"The one-line transport PO episode probably concerns order preparation. The transport-service versus logistics scope question remains separate, and the recorded price does not prove price checking.",One-line PO work for transport supports probable order preparation. The transport-service purchasing versus logistics-execution boundary remains unresolved; no price-check task is inferred from the recorded price.,,Arno,live_family,,,,2 / n/a,9: OBS-03; 10:53 to 10:55,docs/measurement/Measure_Observation_2026-09-08.md,https://github.com/Luuuuuig/Bachelor-End-Project/blob/7ec78e840589c711c73055cf6215e3f90040ff8a/docs/measurement/Measure_Observation_2026-09-08.md,7ec78e840589c711c73055cf6215e3f90040ff8a,2026-09-21,"| OBS-03 | PO | 10:53 | 10:55 | 1L | 1 | / | See price 196 Euro, It is for transport |","{""Case"": ""OBS-03"", ""Activity as written"": ""PO"", ""Start"": ""10:53"", ""End"": ""10:55"", ""Volume"": ""1L"", ""INT"": ""1"", ""DEC?"": ""/"", ""Result / short note"": ""See price 196 Euro, It is for transport""}"
2026-09-08,Baseline,10,OBS-04,SEND,Unresolved activity,?,Unresolved stage,?,EXCLUDE_LOGISTICS,VALID,,2,Exact recorded interval,10:55,10:57,/,/,/,"Send 1 mail to supplier, 1 to colleague; as following, they came pick up.",,unassigned,U / P,"Supplier and colleague emails followed by collection support pickup coordination. Against the separately corrected UNKNOWN stage, this does not establish purchasing-order monitoring or supplier-PO sending.","Supplier and colleague emails followed by pickup support pickup coordination, treated as excluded logistics. Monitoring is provisional; the record does not say that a PO was forwarded. Stage reassessment, 21 September: Pickup coordination establishes logistics work but does not establish monitoring of a purchasing order. Current stage: UNKNOWN / ?.",21 September: VW5 / P to UNKNOWN / ?. Pickup coordination establishes logistics work but does not establish monitoring of a purchasing order.,Arno,live_family,,,,2 / n/a,10: OBS-04; 10:55 to 10:57,docs/measurement/Measure_Observation_2026-09-08.md,https://github.com/Luuuuuig/Bachelor-End-Project/blob/7ec78e840589c711c73055cf6215e3f90040ff8a/docs/measurement/Measure_Observation_2026-09-08.md,7ec78e840589c711c73055cf6215e3f90040ff8a,2026-09-21,"| OBS-04 | SEND | 10:55 | 10:57 | / | / | / | Send 1 mail to supplier, 1 to colleague; as following, they came pick up. |","{""Case"": ""OBS-04"", ""Activity as written"": ""SEND"", ""Start"": ""10:55"", ""End"": ""10:57"", ""Volume"": ""/"", ""INT"": ""/"", ""DEC?"": ""/"", ""Result / short note"": ""Send 1 mail to supplier, 1 to colleague; as following, they came pick up.""}"
2026-09-08,Baseline,11,OBS-03,SEND,Unresolved activity,?,Unresolved stage,?,REVIEW_SCOPE,VALID,,2,Exact recorded interval,10:57,10:59,/,/,/,,,unassigned,Unresolved / ?,SEND purpose is absent. The transport case does not establish what was communicated or whether an order was sent.,SEND purpose is blank. OBS-03 transport context is insufficient to establish supplier-PO forwarding or resolve the logistics boundary.,,Arno,live_family,,,,2 / n/a,11: OBS-03; 10:57 to 10:59,docs/measurement/Measure_Observation_2026-09-08.md,https://github.com/Luuuuuig/Bachelor-End-Project/blob/7ec78e840589c711c73055cf6215e3f90040ff8a/docs/measurement/Measure_Observation_2026-09-08.md,7ec78e840589c711c73055cf6215e3f90040ff8a,2026-09-21,| OBS-03 | SEND | 10:57 | 10:59 | / | / | / |  |,"{""Case"": ""OBS-03"", ""Activity as written"": ""SEND"", ""Start"": ""10:57"", ""End"": ""10:59"", ""Volume"": ""/"", ""INT"": ""/"", ""DEC?"": ""/"", ""Result / short note"": """"}"
2026-09-08,Baseline,12,OBS-05,EXC,Unresolved activity,?,Unresolved stage,?,EXCLUDE_EXC,VALID,,6,Exact recorded interval,10:59,11:05,/,/,/,Call supplier to ask when and why; forwarding to colleague.,,unassigned,Unresolved / ?,"The episode combines a supplier call asking when and why with forwarding information to a colleague, but the object of the enquiry is absent. No coherent stage-specific activity or distinct supported category combination can be assigned.","Original EXC: supplier call asking when and why, then forwarding. The object of the enquiry is not recorded, so no detailed task or stage is assigned.",,Arno,live_family,,,,6 / n/a,12: OBS-05; 10:59 to 11:05,docs/measurement/Measure_Observation_2026-09-08.md,https://github.com/Luuuuuig/Bachelor-End-Project/blob/7ec78e840589c711c73055cf6215e3f90040ff8a/docs/measurement/Measure_Observation_2026-09-08.md,7ec78e840589c711c73055cf6215e3f90040ff8a,2026-09-21,| OBS-05 | EXC | 10:59 | 11:05 | / | / | / | Call supplier to ask when and why; forwarding to colleague. |,"{""Case"": ""OBS-05"", ""Activity as written"": ""EXC"", ""Start"": ""10:59"", ""End"": ""11:05"", ""Volume"": ""/"", ""INT"": ""/"", ""DEC?"": ""/"", ""Result / short note"": ""Call supplier to ask when and why; forwarding to colleague.""}"
2026-09-08,Baseline,13,OBS-06,OTHER,Unresolved activity,?,Unresolved stage,?,REVIEW_SCOPE,VALID,,4,Exact recorded interval,11:06,11:10,/,/,1,Discussion with Dennis; decide to call Kayne .,,unassigned,Unresolved / ?,Discussion with Dennis and a decision to call Kayne are recorded without their purchasing purpose or subject.,"Discussion with Dennis and decision to call Kayne are recorded, but their purpose is not. No scope exclusion is inherited solely from the later EXC episode.",,Arno,live_family,,,,4 / n/a,13: OBS-06; 11:06 to 11:10,docs/measurement/Measure_Observation_2026-09-08.md,https://github.com/Luuuuuig/Bachelor-End-Project/blob/7ec78e840589c711c73055cf6215e3f90040ff8a/docs/measurement/Measure_Observation_2026-09-08.md,7ec78e840589c711c73055cf6215e3f90040ff8a,2026-09-21,| OBS-06 | OTHER | 11:06 | 11:10 | / | / | 1 | Discussion with Dennis; decide to call Kayne . |,"{""Case"": ""OBS-06"", ""Activity as written"": ""OTHER"", ""Start"": ""11:06"", ""End"": ""11:10"", ""Volume"": ""/"", ""INT"": ""/"", ""DEC?"": ""1"", ""Result / short note"": ""Discussion with Dennis; decide to call Kayne .""}"
2026-09-08,Baseline,14,OBS-06,EXC,Unresolved activity,?,Unresolved stage,?,EXCLUDE_EXC,VALID,,7,Exact recorded interval,11:10,11:17,/,/,/,"Kayne tell, to call Macro; so there is 2 calls happens here. Then from macro, Arno has to ask Rudi.",,unassigned,Unresolved / ?,"Two calls and referral to another colleague are recorded, but the investigation subject and purchasing-stage purpose are unspecified.",Original EXC: two calls and referral to Rudi. The investigation subject and purchasing stage remain unspecified.,,Arno,live_family,,,,7 / n/a,14: OBS-06; 11:10 to 11:17,docs/measurement/Measure_Observation_2026-09-08.md,https://github.com/Luuuuuig/Bachelor-End-Project/blob/7ec78e840589c711c73055cf6215e3f90040ff8a/docs/measurement/Measure_Observation_2026-09-08.md,7ec78e840589c711c73055cf6215e3f90040ff8a,2026-09-21,"| OBS-06 | EXC | 11:10 | 11:17 | / | / | / | Kayne tell, to call Macro; so there is 2 calls happens here. Then from macro, Arno has to ask Rudi. |","{""Case"": ""OBS-06"", ""Activity as written"": ""EXC"", ""Start"": ""11:10"", ""End"": ""11:17"", ""Volume"": ""/"", ""INT"": ""/"", ""DEC?"": ""/"", ""Result / short note"": ""Kayne tell, to call Macro; so there is 2 calls happens here. Then from macro, Arno has to ask Rudi.""}"
2026-09-08,Baseline,15,OBS-06,SEND,Unresolved activity,?,Unresolved stage,?,EXCLUDE_AFTERCARE,VALID,,1,Exact recorded interval,11:17,11:18,/,/,/,"Attempt to call Rudi; failed, so writing email.",,unassigned,U / C,Attempting to call Rudi and then writing email continues documented exception handling. Its question content does not identify a catalogued activity.,The preceding EXC explicitly ends with a need to ask Rudi; this row attempts that call and writes email after failure. This is an evidenced continuation of excluded exception handling.,,Arno,live_family,,,,1 / n/a,15: OBS-06; 11:17 to 11:18,docs/measurement/Measure_Observation_2026-09-08.md,https://github.com/Luuuuuig/Bachelor-End-Project/blob/7ec78e840589c711c73055cf6215e3f90040ff8a/docs/measurement/Measure_Observation_2026-09-08.md,7ec78e840589c711c73055cf6215e3f90040ff8a,2026-09-21,"| OBS-06 | SEND | 11:17 | 11:18 | / | / | / | Attempt to call Rudi; failed, so writing email. |","{""Case"": ""OBS-06"", ""Activity as written"": ""SEND"", ""Start"": ""11:17"", ""End"": ""11:18"", ""Volume"": ""/"", ""INT"": ""/"", ""DEC?"": ""/"", ""Result / short note"": ""Attempt to call Rudi; failed, so writing email.""}"
2026-09-08,Baseline,16,OBS-01,SEND,Unresolved activity,?,Unresolved stage,?,EXCLUDE_AFTERCARE,VALID,,,Untimed,/,/,/,/,/,Allow cancellation and respond; remaining wording unclear.,,unassigned,U / C,"Cancellation approval/response is recorded as an untimed occurrence. It does not establish an observed buyer order amendment, new request or supplier-PO send.",Explicit cancellation approval/response. Retained as an untimed occurrence; remaining source wording is unclear and is not reconstructed.,,Arno,live_family,,,,n/a / n/a,16: OBS-01; untimed,docs/measurement/Measure_Observation_2026-09-08.md,https://github.com/Luuuuuig/Bachelor-End-Project/blob/7ec78e840589c711c73055cf6215e3f90040ff8a/docs/measurement/Measure_Observation_2026-09-08.md,7ec78e840589c711c73055cf6215e3f90040ff8a,2026-09-21,| OBS-01 | SEND | / | / | / | / | / | Allow cancellation and respond; remaining wording unclear. |,"{""Case"": ""OBS-01"", ""Activity as written"": ""SEND"", ""Start"": ""/"", ""End"": ""/"", ""Volume"": ""/"", ""INT"": ""/"", ""DEC?"": ""/"", ""Result / short note"": ""Allow cancellation and respond; remaining wording unclear.""}"
2026-09-08,Baseline,17,OBS-01,PO,"Prepare, amend or release a purchase order",P,Ordering,P,EXCLUDE_AFTERCARE,VALID,,4,Exact recorded interval,11:18,11:22,/,/,/,Adjust the corresponding PO.,,unassigned,U / C,"The source explicitly records adjustment of the corresponding PO after cancellation approval. The stage-specific amendment classification remains provisional consistently with the retained VW4/P interpretation. No authorization or release action is added, and aftercare exclusion is retained.","Adjust the corresponding PO follows explicit cancellation approval/response, establishing cancellation-related order amendment. Ordering is provisional; this is not a confirmation-deviation correction under Task 27.",,Arno,live_family,,,,4 / n/a,17: OBS-01; 11:18 to 11:22,docs/measurement/Measure_Observation_2026-09-08.md,https://github.com/Luuuuuig/Bachelor-End-Project/blob/7ec78e840589c711c73055cf6215e3f90040ff8a/docs/measurement/Measure_Observation_2026-09-08.md,7ec78e840589c711c73055cf6215e3f90040ff8a,2026-09-21,| OBS-01 | PO | 11:18 | 11:22 | / | / | / | Adjust the corresponding PO. |,"{""Case"": ""OBS-01"", ""Activity as written"": ""PO"", ""Start"": ""11:18"", ""End"": ""11:22"", ""Volume"": ""/"", ""INT"": ""/"", ""DEC?"": ""/"", ""Result / short note"": ""Adjust the corresponding PO.""}"
2026-09-08,Baseline,18,OBS-03,OTHER,Unresolved activity,?,Unresolved stage,?,REVIEW_SCOPE,VALID,,1,Exact recorded interval,11:22,11:23,/,/,/,Organize.,,unassigned,Unresolved / ?,"Organize does not identify the object, action subtype or purchasing purpose.",Organize does not identify what was organized. OBS-03 transport context leaves both task and transport-service purchasing versus logistics-execution scope unresolved.,,Arno,live_family,,,,1 / n/a,18: OBS-03; 11:22 to 11:23,docs/measurement/Measure_Observation_2026-09-08.md,https://github.com/Luuuuuig/Bachelor-End-Project/blob/7ec78e840589c711c73055cf6215e3f90040ff8a/docs/measurement/Measure_Observation_2026-09-08.md,7ec78e840589c711c73055cf6215e3f90040ff8a,2026-09-21,| OBS-03 | OTHER | 11:22 | 11:23 | / | / | / | Organize. |,"{""Case"": ""OBS-03"", ""Activity as written"": ""OTHER"", ""Start"": ""11:22"", ""End"": ""11:23"", ""Volume"": ""/"", ""INT"": ""/"", ""DEC?"": ""/"", ""Result / short note"": ""Organize.""}"
2026-09-08,Baseline,19,OBS-07,EXC,Unresolved activity,?,Unresolved stage,?,EXCLUDE_EXC,VALID,,2,Exact recorded interval,11:23,11:25,/,/,/,Binnenboeken.,,unassigned,U / P,"Binnenboeken suggests booking/receipt administration, but the object being booked is unspecified. No master-data, PO or confirmation action is established.",Original EXC with note Binnenboeken. Probable booking/receipt administration is not explicitly represented as buyer work in the register; the object being booked is unspecified.,,Arno,live_family,,,,2 / n/a,19: OBS-07; 11:23 to 11:25,docs/measurement/Measure_Observation_2026-09-08.md,https://github.com/Luuuuuig/Bachelor-End-Project/blob/7ec78e840589c711c73055cf6215e3f90040ff8a/docs/measurement/Measure_Observation_2026-09-08.md,7ec78e840589c711c73055cf6215e3f90040ff8a,2026-09-21,| OBS-07 | EXC | 11:23 | 11:25 | / | / | / | Binnenboeken. |,"{""Case"": ""OBS-07"", ""Activity as written"": ""EXC"", ""Start"": ""11:23"", ""End"": ""11:25"", ""Volume"": ""/"", ""INT"": ""/"", ""DEC?"": ""/"", ""Result / short note"": ""Binnenboeken.""}"
2026-09-08,Baseline,20,OBS-08,REQ-letter,Unresolved activity,?,Unresolved stage,?,INCLUDE,VALID,,,Untimed,/,/,/,/,/,,,1,Mapped / P,The letter request is recorded without evidence that requirements were being established or an already defined order was being prepared.,Letter request supports probable purchasing intake. The note does not establish whether requirements were being defined or an already defined request was received.,,Arno,live_family,,,,n/a / n/a,20: OBS-08; untimed,docs/measurement/Measure_Observation_2026-09-08.md,https://github.com/Luuuuuig/Bachelor-End-Project/blob/7ec78e840589c711c73055cf6215e3f90040ff8a/docs/measurement/Measure_Observation_2026-09-08.md,7ec78e840589c711c73055cf6215e3f90040ff8a,2026-09-21,| OBS-08 | REQ-letter | / | / | / | / | / |  |,"{""Case"": ""OBS-08"", ""Activity as written"": ""REQ-letter"", ""Start"": ""/"", ""End"": ""/"", ""Volume"": ""/"", ""INT"": ""/"", ""DEC?"": ""/"", ""Result / short note"": """"}"
2026-09-08,Baseline,21,OBS-08,CHECK,Unresolved activity,?,Unresolved stage,?,INCLUDE,VALID,3,3,Exact recorded interval,11:25,11:28,7L,/,/,"Price comparison; check first the physical quotation, then the website.",,unassigned,Unresolved / ?,"Comparing a physical quotation with a website is explicit, but supplier selection, pre-release price control and confirmation comparison are not established. Preserve price comparison as the known subtype without choosing a stage-specific category.","Price comparison uses a physical quotation and website. Comparison with stored Exact price, pre-order control purpose and supplier-selection purpose are not established; do not force Task 15 or a stage.",,Arno,live_family,,,,3 / 3,21: OBS-08; 11:25 to 11:28,docs/measurement/Measure_Observation_2026-09-08.md,https://github.com/Luuuuuig/Bachelor-End-Project/blob/7ec78e840589c711c73055cf6215e3f90040ff8a/docs/measurement/Measure_Observation_2026-09-08.md,7ec78e840589c711c73055cf6215e3f90040ff8a,2026-09-21,"| OBS-08 | CHECK | 11:25 | 11:28 | 7L | / | / | Price comparison; check first the physical quotation, then the website. |","{""Case"": ""OBS-08"", ""Activity as written"": ""CHECK"", ""Start"": ""11:25"", ""End"": ""11:28"", ""Volume"": ""7L"", ""INT"": ""/"", ""DEC?"": ""/"", ""Result / short note"": ""Price comparison; check first the physical quotation, then the website.""}"
2026-09-08,Baseline,22,OBS-08,OTHER,Unresolved activity,?,Unresolved stage,?,INCLUDE,VALID,6,6,Exact recorded interval,11:28,11:34,/,/,1,Check fittings and decide to give Dennis.,,4,Mixed / P,"Checking fittings and deciding to hand work to Dennis are recorded, but requirement definition versus validation for an already defined order remains unresolved. The handoff does not establish a second catalogued activity.",Checking fittings supports probable Task 4; deciding to pass work to Dennis adds a handoff not specifically represented by that task. Requirement definition versus verification of a defined request is unresolved.,,Arno,live_family,,,,6 / 6,22: OBS-08; 11:28 to 11:34,docs/measurement/Measure_Observation_2026-09-08.md,https://github.com/Luuuuuig/Bachelor-End-Project/blob/7ec78e840589c711c73055cf6215e3f90040ff8a/docs/measurement/Measure_Observation_2026-09-08.md,7ec78e840589c711c73055cf6215e3f90040ff8a,2026-09-21,| OBS-08 | OTHER | 11:28 | 11:34 | / | / | 1 | Check fittings and decide to give Dennis. |,"{""Case"": ""OBS-08"", ""Activity as written"": ""OTHER"", ""Start"": ""11:28"", ""End"": ""11:34"", ""Volume"": ""/"", ""INT"": ""/"", ""DEC?"": ""1"", ""Result / short note"": ""Check fittings and decide to give Dennis.""}"
2026-09-08,Baseline,23,OBS-09,REQ-mail,Unresolved activity,?,Unresolved stage,?,INCLUDE,VALID,,,Untimed,/,/,/,/,/,A photo with requested component,,1,Mapped / C,"An email photo of a requested component establishes request intake, but the specification-versus-defined-order purpose is unrecorded.","Email contains a photo of the requested component, supporting purchasing intake. Specification versus ordering depends on whether the component requirements were already defined, which is unrecorded.",,Arno,live_family,,,,n/a / n/a,23: OBS-09; untimed,docs/measurement/Measure_Observation_2026-09-08.md,https://github.com/Luuuuuig/Bachelor-End-Project/blob/7ec78e840589c711c73055cf6215e3f90040ff8a/docs/measurement/Measure_Observation_2026-09-08.md,7ec78e840589c711c73055cf6215e3f90040ff8a,2026-09-21,| OBS-09 | REQ-mail | / | / | / | / | / | A photo with requested component |,"{""Case"": ""OBS-09"", ""Activity as written"": ""REQ-mail"", ""Start"": ""/"", ""End"": ""/"", ""Volume"": ""/"", ""INT"": ""/"", ""DEC?"": ""/"", ""Result / short note"": ""A photo with requested component""}"
2026-09-08,Baseline,24,OBS-09,CLAR,Unresolved activity,?,Unresolved stage,?,INCLUDE,VALID,2,2,Exact recorded interval,11:34,11:36,/,/,/,,,4,Mapped / P,The description of the clarification is absent; nearby component-photo intake provides only probable validation context without resolving its activity purpose.,"Clarification immediately follows the request containing a component photo, supporting probable validation of supplied component information. No historical-PO search or precise stage is evidenced.",,Arno,live_family,,,,2 / 2,24: OBS-09; 11:34 to 11:36,docs/measurement/Measure_Observation_2026-09-08.md,https://github.com/Luuuuuig/Bachelor-End-Project/blob/7ec78e840589c711c73055cf6215e3f90040ff8a/docs/measurement/Measure_Observation_2026-09-08.md,7ec78e840589c711c73055cf6215e3f90040ff8a,2026-09-21,| OBS-09 | CLAR | 11:34 | 11:36 | / | / | / |  |,"{""Case"": ""OBS-09"", ""Activity as written"": ""CLAR"", ""Start"": ""11:34"", ""End"": ""11:36"", ""Volume"": ""/"", ""INT"": ""/"", ""DEC?"": ""/"", ""Result / short note"": """"}"
2026-09-08,Baseline,25,OBS-09,OTHER,Unresolved activity,?,Unresolved stage,?,INCLUDE,VALID,4,4,Exact recorded interval,11:36,11:40,/,/,/,Update it in Exact.,,unassigned,Unresolved / ?,Update it in Exact leaves the record type and fields unknown. Do not label this master-data maintenance or PO amendment merely from the software used.,"Update it in Exact does not identify the object or fields updated. Do not infer request transfer, article-master maintenance or price correction.",,Arno,live_family,,,,4 / 4,25: OBS-09; 11:36 to 11:40,docs/measurement/Measure_Observation_2026-09-08.md,https://github.com/Luuuuuig/Bachelor-End-Project/blob/7ec78e840589c711c73055cf6215e3f90040ff8a/docs/measurement/Measure_Observation_2026-09-08.md,7ec78e840589c711c73055cf6215e3f90040ff8a,2026-09-21,| OBS-09 | OTHER | 11:36 | 11:40 | / | / | / | Update it in Exact. |,"{""Case"": ""OBS-09"", ""Activity as written"": ""OTHER"", ""Start"": ""11:36"", ""End"": ""11:40"", ""Volume"": ""/"", ""INT"": ""/"", ""DEC?"": ""/"", ""Result / short note"": ""Update it in Exact.""}"
2026-09-08,Baseline,26,OBS-10,OTHER,Combined activities,C,Unresolved stage,?,EXCLUDE_AFTERCARE,VALID,,4,Exact recorded interval,11:40,11:44,/,/,/,Supplier not avaliable so Arno found a new one and ask Katja to add in exact. And than he update it in exact,"Search for, compare or choose suppliers; Maintain purchasing master data",31,Mixed / P,"The source explicitly combines finding a replacement supplier, requesting creation of its supplier record and updating the component supplier. These are supplier search/choice and master-data administration in one interval. The separately corrected overall stage is UNKNOWN because the administration has no established purchasing stage; no PO amendment or time split is inferred.","Unavailable supplier led to replacement-supplier search, a request for supplier creation in Exact and a component-supplier update; later removal from the old PO confirms replacement rework. Task 31 is a probable partial fit; supplier-master creation is unregistered. Supplier selection (VW2) and order-related administration (VW4) are provisionally inseparable. Stage reassessment, 21 September: Supplier search and supplier/component master-data work are explicit, but a second purchasing stage is not. The old PO amendment occurs separately in row 29. Retain combined activities without allocating the interval between stages. Current stage: UNKNOWN / ?.","21 September: MULTI / P to UNKNOWN / ?. Supplier search and supplier/component master-data work are explicit, but a second purchasing stage is not. The old PO amendment occurs separately in row 29. Retain combined activities without allocating the interval between stages.",Arno,live_family,,,,4 / n/a,26: OBS-10; 11:40 to 11:44,docs/measurement/Measure_Observation_2026-09-08.md,https://github.com/Luuuuuig/Bachelor-End-Project/blob/7ec78e840589c711c73055cf6215e3f90040ff8a/docs/measurement/Measure_Observation_2026-09-08.md,7ec78e840589c711c73055cf6215e3f90040ff8a,2026-09-21,| OBS-10 | OTHER | 11:40 | 11:44 | / | / | / | Supplier not avaliable so Arno found a new one and ask Katja to add in exact. And than he update it in exact  |,"{""Case"": ""OBS-10"", ""Activity as written"": ""OTHER"", ""Start"": ""11:40"", ""End"": ""11:44"", ""Volume"": ""/"", ""INT"": ""/"", ""DEC?"": ""/"", ""Result / short note"": ""Supplier not avaliable so Arno found a new one and ask Katja to add in exact. And than he update it in exact""}"
2026-09-08,Baseline,27,OBS-10,PO,"Prepare, amend or release a purchase order",P,Ordering,P,EXCLUDE_AFTERCARE,VALID,,2,Exact recorded interval,11:44,11:46,2L,/,/,,,17,Mapped / P,"The two-line PO episode probably prepares the replacement order, based on the documented supplier replacement and later removal from the old PO. No approval, release or MAX steps are inferred.",Two-line PO episode follows replacement-supplier/master work and precedes deletion of the component from the old PO. This documented sequence supports probable replacement-order preparation as excluded aftercare; no MAX or approval tasks are inferred.,,Arno,live_family,,,,2 / n/a,27: OBS-10; 11:44 to 11:46,docs/measurement/Measure_Observation_2026-09-08.md,https://github.com/Luuuuuig/Bachelor-End-Project/blob/7ec78e840589c711c73055cf6215e3f90040ff8a/docs/measurement/Measure_Observation_2026-09-08.md,7ec78e840589c711c73055cf6215e3f90040ff8a,2026-09-21,| OBS-10 | PO | 11:44 | 11:46 | 2L | / | / |  |,"{""Case"": ""OBS-10"", ""Activity as written"": ""PO"", ""Start"": ""11:44"", ""End"": ""11:46"", ""Volume"": ""2L"", ""INT"": ""/"", ""DEC?"": ""/"", ""Result / short note"": """"}"
2026-09-08,Baseline,28,OBS-10,SEND,Unresolved activity,?,Unresolved stage,?,REVIEW_SCOPE,VALID,,2,Exact recorded interval,11:47,11:49,/,/,/,,,unassigned,Unresolved / ?,SEND has no purpose or recipient; replacement-supplier context alone does not establish supplier-PO forwarding or another catalogued action.,No SEND purpose recorded. Supplier replacement in the same case is not enough to identify the content of this separate communication or definitively exclude it.,,Arno,live_family,,,,2 / n/a,28: OBS-10; 11:47 to 11:49,docs/measurement/Measure_Observation_2026-09-08.md,https://github.com/Luuuuuig/Bachelor-End-Project/blob/7ec78e840589c711c73055cf6215e3f90040ff8a/docs/measurement/Measure_Observation_2026-09-08.md,7ec78e840589c711c73055cf6215e3f90040ff8a,2026-09-21,| OBS-10 | SEND | 11:47 | 11:49 | / | / | / |  |,"{""Case"": ""OBS-10"", ""Activity as written"": ""SEND"", ""Start"": ""11:47"", ""End"": ""11:49"", ""Volume"": ""/"", ""INT"": ""/"", ""DEC?"": ""/"", ""Result / short note"": """"}"
2026-09-08,Baseline,29,OBS-10,OTHER,"Prepare, amend or release a purchase order",C,Ordering,C,EXCLUDE_AFTERCARE,VALID,,1,Exact recorded interval,11:49,11:50,/,/,/,Remove that component from old PO,,31,Mapped / P,Removal of the component from the old PO is an explicit order amendment. Preserve replacement-aftercare scope; do not describe unobserved supplier search or approval in this minute.,"Explicit removal of the component from the old PO is replacement-order rework. Task 31 is a probable fit because the source describes an unavailable supplier and an alternative was found, differing from the register example.",,Arno,live_family,,,,1 / n/a,29: OBS-10; 11:49 to 11:50,docs/measurement/Measure_Observation_2026-09-08.md,https://github.com/Luuuuuig/Bachelor-End-Project/blob/7ec78e840589c711c73055cf6215e3f90040ff8a/docs/measurement/Measure_Observation_2026-09-08.md,7ec78e840589c711c73055cf6215e3f90040ff8a,2026-09-21,| OBS-10 | OTHER | 11:49 | 11:50 | / | / | / | Remove that component from old PO |,"{""Case"": ""OBS-10"", ""Activity as written"": ""OTHER"", ""Start"": ""11:49"", ""End"": ""11:50"", ""Volume"": ""/"", ""INT"": ""/"", ""DEC?"": ""/"", ""Result / short note"": ""Remove that component from old PO""}"
2026-09-08,Baseline,30,OBS-11,PO,"Assess demand, consolidate and decide order timing",C,Ordering,C,INCLUDE,VALID,2,2,Exact recorded interval,11:51,11:53,/,/,/,Combine it to the existing PO.,,9,Mapped / P,"The source explicitly combines an item with an existing PO. This supports consolidation within the grouped activity, without asserting a preceding same-supplier MAX search, stock assessment or HOLD/proceed decision.","Explicitly combine the item with an existing PO, supporting probable demand consolidation. Same-supplier MAX checking and decision steps are not separately evidenced or timed.",,Arno,live_family,,,,2 / 2,30: OBS-11; 11:51 to 11:53,docs/measurement/Measure_Observation_2026-09-08.md,https://github.com/Luuuuuig/Bachelor-End-Project/blob/7ec78e840589c711c73055cf6215e3f90040ff8a/docs/measurement/Measure_Observation_2026-09-08.md,7ec78e840589c711c73055cf6215e3f90040ff8a,2026-09-21,| OBS-11 | PO | 11:51 | 11:53 | / | / | / | Combine it to the existing PO. |,"{""Case"": ""OBS-11"", ""Activity as written"": ""PO"", ""Start"": ""11:51"", ""End"": ""11:53"", ""Volume"": ""/"", ""INT"": ""/"", ""DEC?"": ""/"", ""Result / short note"": ""Combine it to the existing PO.""}"
2026-09-08,Baseline,31,OBS-12,PO,"Assess demand, consolidate and decide order timing",C,Ordering,C,INCLUDE,VALID,3,3,Exact recorded interval,11:55,11:58,12L,/,/,Same as note above; 12L total when 4L added.,,9,Mapped / P,"The note explicitly continues the preceding consolidation pattern, with four added lines and twelve total. Classify the observed combining only; no additional MAX steps or task-time split are implied.","Source explicitly refers to the preceding consolidation note: four lines added, twelve lines total. Retain the combined episode; do not infer separate MAX checks or divide time across tasks.",,Arno,live_family,,,,3 / 3,31: OBS-12; 11:55 to 11:58,docs/measurement/Measure_Observation_2026-09-08.md,https://github.com/Luuuuuig/Bachelor-End-Project/blob/7ec78e840589c711c73055cf6215e3f90040ff8a/docs/measurement/Measure_Observation_2026-09-08.md,7ec78e840589c711c73055cf6215e3f90040ff8a,2026-09-21,| OBS-12 | PO | 11:55 | 11:58 | 12L | / | / | Same as note above; 12L total when 4L added. |,"{""Case"": ""OBS-12"", ""Activity as written"": ""PO"", ""Start"": ""11:55"", ""End"": ""11:58"", ""Volume"": ""12L"", ""INT"": ""/"", ""DEC?"": ""/"", ""Result / short note"": ""Same as note above; 12L total when 4L added.""}"
2026-09-08,Baseline,32,OBS-13,PO,Unresolved activity,?,Unresolved stage,?,INCLUDE,VALID,2,2,Exact recorded interval,11:58,12:00,/,/,/,,,unassigned,Unresolved / ?,Only PO family and timing are recorded. No specific buyer action can be named from that family alone.,PO family and timing are recorded but the note is blank. Retain eligible family time without inferring a detailed task or stage solely from the code.,,Arno,live_family,,,,2 / 2,32: OBS-13; 11:58 to 12:00,docs/measurement/Measure_Observation_2026-09-08.md,https://github.com/Luuuuuig/Bachelor-End-Project/blob/7ec78e840589c711c73055cf6215e3f90040ff8a/docs/measurement/Measure_Observation_2026-09-08.md,7ec78e840589c711c73055cf6215e3f90040ff8a,2026-09-21,| OBS-13 | PO | 11:58 | 12:00 | / | / | / |  |,"{""Case"": ""OBS-13"", ""Activity as written"": ""PO"", ""Start"": ""11:58"", ""End"": ""12:00"", ""Volume"": ""/"", ""INT"": ""/"", ""DEC?"": ""/"", ""Result / short note"": """"}"
2026-09-08,Baseline,33,OBS-14,PO,Unresolved activity,?,Ordering,C,INCLUDE,VALID,2,2,Exact recorded interval,12:00,12:02,2L,/,/,PO generated.,,unassigned,Unresolved / ?,"PO generated establishes ordering context, but the buyer preparation, amendment or release action within the interval is unspecified. Do not count automatic document generation as the buyer activity.","PO generated establishes ordering purpose, but not which human preparation/release action occurred. Do not map the timed buyer episode to automatic system Task 22 or status Task 24.",,Arno,live_family,,,,2 / 2,33: OBS-14; 12:00 to 12:02,docs/measurement/Measure_Observation_2026-09-08.md,https://github.com/Luuuuuig/Bachelor-End-Project/blob/7ec78e840589c711c73055cf6215e3f90040ff8a/docs/measurement/Measure_Observation_2026-09-08.md,7ec78e840589c711c73055cf6215e3f90040ff8a,2026-09-21,| OBS-14 | PO | 12:00 | 12:02 | 2L | / | / | PO generated. |,"{""Case"": ""OBS-14"", ""Activity as written"": ""PO"", ""Start"": ""12:00"", ""End"": ""12:02"", ""Volume"": ""2L"", ""INT"": ""/"", ""DEC?"": ""/"", ""Result / short note"": ""PO generated.""}"
2026-09-08,Baseline,34,OBS-15,PO,Unresolved activity,?,Ordering,C,INCLUDE,VALID,2,2,Exact recorded interval,12:02,12:04,2L,/,/,PO generated.,,unassigned,Unresolved / ?,"PO generated establishes ordering context without identifying the buyer action. No authorization, approval, release or system activity is reconstructed.","PO generated establishes ordering purpose, but not which human preparation/release action occurred. Do not map the timed buyer episode to automatic system Task 22 or status Task 24.",,Arno,live_family,,,,2 / 2,34: OBS-15; 12:02 to 12:04,docs/measurement/Measure_Observation_2026-09-08.md,https://github.com/Luuuuuig/Bachelor-End-Project/blob/7ec78e840589c711c73055cf6215e3f90040ff8a/docs/measurement/Measure_Observation_2026-09-08.md,7ec78e840589c711c73055cf6215e3f90040ff8a,2026-09-21,| OBS-15 | PO | 12:02 | 12:04 | 2L | / | / | PO generated. |,"{""Case"": ""OBS-15"", ""Activity as written"": ""PO"", ""Start"": ""12:02"", ""End"": ""12:04"", ""Volume"": ""2L"", ""INT"": ""/"", ""DEC?"": ""/"", ""Result / short note"": ""PO generated.""}"
2026-09-08,Baseline,35,OBS-16,PO,Unresolved activity,?,Unresolved stage,?,INCLUDE,EXCLUDE_CONTAMINATED,,2,Exact recorded interval,12:04,12:06,/,/,/,,,unassigned,Unresolved / ?,The observer explicitly excluded OBS-16 as contaminated and could not reliably identify its work. Do not assign an activity from PO alone.,Both OBS-16 episodes are explicitly excluded for observer contamination. The visible interval is retained only as recorded timestamp arithmetic; it is not eligible analytical time.,,Arno,live_family,,,,2 / n/a,35: OBS-16; 12:04 to 12:06,docs/measurement/Measure_Observation_2026-09-08.md,https://github.com/Luuuuuig/Bachelor-End-Project/blob/7ec78e840589c711c73055cf6215e3f90040ff8a/docs/measurement/Measure_Observation_2026-09-08.md,7ec78e840589c711c73055cf6215e3f90040ff8a,2026-09-21,| OBS-16 | PO | 12:04 | 12:06 | / | / | / |  |,"{""Case"": ""OBS-16"", ""Activity as written"": ""PO"", ""Start"": ""12:04"", ""End"": ""12:06"", ""Volume"": ""/"", ""INT"": ""/"", ""DEC?"": ""/"", ""Result / short note"": """"}"
2026-09-08,Baseline,36,OBS-16,PO,Unresolved activity,?,Unresolved stage,?,INCLUDE,EXCLUDE_CONTAMINATED,,7,Exact recorded interval,12:06,12:13,/,/,/,,,unassigned,Unresolved / ?,The second OBS-16 interval shares the explicit contamination exclusion; action details remain unreliable and no activity is reconstructed.,Both OBS-16 episodes are explicitly excluded for observer contamination. The visible interval is retained only as recorded timestamp arithmetic; it is not eligible analytical time.,,Arno,live_family,,,,7 / n/a,36: OBS-16; 12:06 to 12:13,docs/measurement/Measure_Observation_2026-09-08.md,https://github.com/Luuuuuig/Bachelor-End-Project/blob/7ec78e840589c711c73055cf6215e3f90040ff8a/docs/measurement/Measure_Observation_2026-09-08.md,7ec78e840589c711c73055cf6215e3f90040ff8a,2026-09-21,| OBS-16 | PO | 12:06 | 12:13 | / | / | / |  |,"{""Case"": ""OBS-16"", ""Activity as written"": ""PO"", ""Start"": ""12:06"", ""End"": ""12:13"", ""Volume"": ""/"", ""INT"": ""/"", ""DEC?"": ""/"", ""Result / short note"": """"}"
2026-09-08,Baseline,37,OBS-17,PO,"Prepare, amend or release a purchase order",C,Ordering,C,INCLUDE,VALID,1,1,Exact recorded interval,12:14,12:15,2L,/,/,1L added.,,17,Mapped / C,"One line was explicitly added to the PO, supporting order completion/amendment. Added lines alone do not establish a consolidation search or decision.",One line added to the PO supports order completion. The resulting two-line volume is preserved; added lines do not prove the detailed MAX search or decision sequence.,,Arno,live_family,,,,1 / 1,37: OBS-17; 12:14 to 12:15,docs/measurement/Measure_Observation_2026-09-08.md,https://github.com/Luuuuuig/Bachelor-End-Project/blob/7ec78e840589c711c73055cf6215e3f90040ff8a/docs/measurement/Measure_Observation_2026-09-08.md,7ec78e840589c711c73055cf6215e3f90040ff8a,2026-09-21,| OBS-17 | PO | 12:14 | 12:15 | 2L | / | / | 1L added. |,"{""Case"": ""OBS-17"", ""Activity as written"": ""PO"", ""Start"": ""12:14"", ""End"": ""12:15"", ""Volume"": ""2L"", ""INT"": ""/"", ""DEC?"": ""/"", ""Result / short note"": ""1L added.""}"
2026-09-08,Baseline,38,OBS-18,PO,"Prepare, amend or release a purchase order",P,Ordering,P,INCLUDE,VALID,1,1,Exact recorded interval,12:15,12:16,/,1,/,Interrupted by Dennis.,,17,Mapped / P,"This interrupted PO episode resumes with explicit line addition, supporting probable order preparation. Its own action details are not recorded, and no interruption duration is invented.",PO episode interrupted by Dennis and resumed in row 40 with explicit added lines supports probable order preparation. Preserve INT=1; no extra interruption duration is deducted or fabricated.,,Arno,live_family,,,,1 / 1,38: OBS-18; 12:15 to 12:16,docs/measurement/Measure_Observation_2026-09-08.md,https://github.com/Luuuuuig/Bachelor-End-Project/blob/7ec78e840589c711c73055cf6215e3f90040ff8a/docs/measurement/Measure_Observation_2026-09-08.md,7ec78e840589c711c73055cf6215e3f90040ff8a,2026-09-21,| OBS-18 | PO | 12:15 | 12:16 | / | 1 | / | Interrupted by Dennis. |,"{""Case"": ""OBS-18"", ""Activity as written"": ""PO"", ""Start"": ""12:15"", ""End"": ""12:16"", ""Volume"": ""/"", ""INT"": ""1"", ""DEC?"": ""/"", ""Result / short note"": ""Interrupted by Dennis.""}"
2026-09-08,Baseline,39,OBS-19,EXC,Unresolved activity,?,Unresolved stage,?,EXCLUDE_EXC,VALID,,3,Exact recorded interval,12:16,12:19,/,/,/,Answer Dennis.,,unassigned,Unresolved / ?,Answering Dennis is recorded without the subject of the answer; the EXC family does not supply an activity subtype.,Original EXC: answer Dennis. The answer subject and purchasing stage are unspecified.,,Arno,live_family,,,,3 / n/a,39: OBS-19; 12:16 to 12:19,docs/measurement/Measure_Observation_2026-09-08.md,https://github.com/Luuuuuig/Bachelor-End-Project/blob/7ec78e840589c711c73055cf6215e3f90040ff8a/docs/measurement/Measure_Observation_2026-09-08.md,7ec78e840589c711c73055cf6215e3f90040ff8a,2026-09-21,| OBS-19 | EXC | 12:16 | 12:19 | / | / | / | Answer Dennis. |,"{""Case"": ""OBS-19"", ""Activity as written"": ""EXC"", ""Start"": ""12:16"", ""End"": ""12:19"", ""Volume"": ""/"", ""INT"": ""/"", ""DEC?"": ""/"", ""Result / short note"": ""Answer Dennis.""}"
2026-09-08,Baseline,40,OBS-18,PO,"Prepare, amend or release a purchase order",C,Ordering,C,INCLUDE,VALID,1,1,Exact recorded interval,12:19,12:20,5L,/,/,3L added.,,17,Mapped / C,"Three lines were explicitly added to the PO on resumption. Classify the observed order completion only, retaining the five-line resulting volume and no inferred MAX sequence.",Three lines added on resumption supports order completion. Five lines is the recorded resulting volume; no MAX decision or pure decision duration is inferred.,,Arno,live_family,,,,1 / 1,40: OBS-18; 12:19 to 12:20,docs/measurement/Measure_Observation_2026-09-08.md,https://github.com/Luuuuuig/Bachelor-End-Project/blob/7ec78e840589c711c73055cf6215e3f90040ff8a/docs/measurement/Measure_Observation_2026-09-08.md,7ec78e840589c711c73055cf6215e3f90040ff8a,2026-09-21,| OBS-18 | PO | 12:19 | 12:20 | 5L | / | / | 3L added. |,"{""Case"": ""OBS-18"", ""Activity as written"": ""PO"", ""Start"": ""12:19"", ""End"": ""12:20"", ""Volume"": ""5L"", ""INT"": ""/"", ""DEC?"": ""/"", ""Result / short note"": ""3L added.""}"
2026-09-08,Baseline,41,OBS-20,PO,"Prepare, amend or release a purchase order",C,Ordering,C,INCLUDE,VALID,1,1,Exact recorded interval,12:20,12:21,5L,/,/,4L added.,,17,Mapped / C,Four lines were explicitly added to the PO. This supports order amendment/completion; a separate demand-consolidation search is not established.,Four lines added supports order completion. Preserve five lines as the recorded total and do not infer separate MAX tasks or timing.,,Arno,live_family,,,,1 / 1,41: OBS-20; 12:20 to 12:21,docs/measurement/Measure_Observation_2026-09-08.md,https://github.com/Luuuuuig/Bachelor-End-Project/blob/7ec78e840589c711c73055cf6215e3f90040ff8a/docs/measurement/Measure_Observation_2026-09-08.md,7ec78e840589c711c73055cf6215e3f90040ff8a,2026-09-21,| OBS-20 | PO | 12:20 | 12:21 | 5L | / | / | 4L added. |,"{""Case"": ""OBS-20"", ""Activity as written"": ""PO"", ""Start"": ""12:20"", ""End"": ""12:21"", ""Volume"": ""5L"", ""INT"": ""/"", ""DEC?"": ""/"", ""Result / short note"": ""4L added.""}"
2026-09-08,Baseline,42,OBS-21,PO,"Prepare, amend or release a purchase order",C,Ordering,C,INCLUDE,VALID,2,2,Exact recorded interval,12:21,12:23,22L,/,/,4L added.,,17,Mapped / C,"Four lines were explicitly added to the PO, resulting in twenty-two total lines. Do not infer a full MAX or order-timing decision sequence.",Four lines added supports order completion. Preserve twenty-two lines as the recorded total and do not infer separate MAX tasks or timing.,,Arno,live_family,,,,2 / 2,42: OBS-21; 12:21 to 12:23,docs/measurement/Measure_Observation_2026-09-08.md,https://github.com/Luuuuuig/Bachelor-End-Project/blob/7ec78e840589c711c73055cf6215e3f90040ff8a/docs/measurement/Measure_Observation_2026-09-08.md,7ec78e840589c711c73055cf6215e3f90040ff8a,2026-09-21,| OBS-21 | PO | 12:21 | 12:23 | 22L | / | / | 4L added. |,"{""Case"": ""OBS-21"", ""Activity as written"": ""PO"", ""Start"": ""12:21"", ""End"": ""12:23"", ""Volume"": ""22L"", ""INT"": ""/"", ""DEC?"": ""/"", ""Result / short note"": ""4L added.""}"
2026-09-18,Baseline,1,OBS-01,CHECK,Check and process supplier confirmations,C,Monitoring,C,INCLUDE,VALID,8,8,Exact observed segment; episode began earlier,10:30,10:38,32L,1,/,Activity had started before 10:30.,,26,Mapped / C,"The case clarification explicitly identifies order-confirmation checking. Only the observed eight-minute segment is recorded; no correction, archiving or complete-episode duration is inferred.",Case clarification identifies an order-confirmation check. Only the observed 10:30-10:38 segment is timed; the activity began earlier and complete episode duration is unknown.,,Arno,live_family,,,,8 / 8 (partial),1: OBS-01; 10:30 to 10:38,docs/measurement/Measure_Observation_2026-09-18.md,https://github.com/Luuuuuig/Bachelor-End-Project/blob/7ec78e840589c711c73055cf6215e3f90040ff8a/docs/measurement/Measure_Observation_2026-09-18.md,7ec78e840589c711c73055cf6215e3f90040ff8a,2026-09-21,| OBS-01 | CHECK | 10:30 | 10:38 | 32L | 1 | / | Activity had started before 10:30. |,"{""Case"": ""OBS-01"", ""Activity"": ""CHECK"", ""Start"": ""10:30"", ""End"": ""10:38"", ""Volume"": ""32L"", ""INT"": ""1"", ""DEC?"": ""/"", ""Note"": ""Activity had started before 10:30.""}"
2026-09-18,Baseline,2,OBS-02,REQ-phone,Unresolved activity,?,Unresolved stage,?,INCLUDE,VALID,,,Untimed,/,/,/,/,/,,,unassigned,U / P,"Kayne requests price-mismatch information rather than a new purchase, but the enquiry does not establish its price sources or purchasing control point.","Case clarification identifies Kayne's information request about a price mismatch, not a new purchasing need. No Task 1 or specific transaction stage is inferred; intake duration is absent.",,Arno,live_family,,,,n/a / n/a,2: OBS-02; untimed,docs/measurement/Measure_Observation_2026-09-18.md,https://github.com/Luuuuuig/Bachelor-End-Project/blob/7ec78e840589c711c73055cf6215e3f90040ff8a/docs/measurement/Measure_Observation_2026-09-18.md,7ec78e840589c711c73055cf6215e3f90040ff8a,2026-09-21,| OBS-02 | REQ-phone | / | / | / | / | / | |,"{""Case"": ""OBS-02"", ""Activity"": ""REQ-phone"", ""Start"": ""/"", ""End"": ""/"", ""Volume"": ""/"", ""INT"": ""/"", ""DEC?"": ""/"", ""Note"": """"}"
2026-09-18,Baseline,3,OBS-02,CLAR,Unresolved activity,?,Unresolved stage,?,INCLUDE,VALID,5,5,Exact recorded interval,10:38,10:43,/,/,/,"Price mismatch; Kayne requested information, not a purchase.",,unassigned,Unresolved / ?,"The price-mismatch enquiry is explicit, while its comparison sources and pre/post-order purpose remain unknown. Do not classify it as pre-release checking or confirmation processing.","Price-mismatch enquiry for Kayne is explicit, but its price sources and pre/post-order purpose are not. Retain eligible purchasing-information work without imputing Task 15 or 26.",,Arno,live_family,,,,5 / 5,3: OBS-02; 10:38 to 10:43,docs/measurement/Measure_Observation_2026-09-18.md,https://github.com/Luuuuuig/Bachelor-End-Project/blob/7ec78e840589c711c73055cf6215e3f90040ff8a/docs/measurement/Measure_Observation_2026-09-18.md,7ec78e840589c711c73055cf6215e3f90040ff8a,2026-09-21,"| OBS-02 | CLAR | 10:38 | 10:43 | / | / | / | Price mismatch; Kayne requested information, not a purchase. |","{""Case"": ""OBS-02"", ""Activity"": ""CLAR"", ""Start"": ""10:38"", ""End"": ""10:43"", ""Volume"": ""/"", ""INT"": ""/"", ""DEC?"": ""/"", ""Note"": ""Price mismatch; Kayne requested information, not a purchase.""}"
2026-09-18,Baseline,4,OBS-03,REQ-phone,Follow up order status or delivery commitments,P,Monitoring,P,EXCLUDE_AFTERCARE,VALID,,,Untimed,[crossed out],/,/,/,/,,,unassigned,U / P,The phone intake is linked to the existing-order delivery change and open-invoice enquiry immediately following it. Monitoring-related intake is probable; no duration or separate invoice investigation is inferred.,"Phone intake belongs to the documented open-invoice and delivery-change enquiry in the immediately following episode. This is aftercare intake, not a new purchasing need; no reliable duration.",,Arno,live_family,,,,n/a / n/a,4: OBS-03; untimed,docs/measurement/Measure_Observation_2026-09-18.md,https://github.com/Luuuuuig/Bachelor-End-Project/blob/7ec78e840589c711c73055cf6215e3f90040ff8a/docs/measurement/Measure_Observation_2026-09-18.md,7ec78e840589c711c73055cf6215e3f90040ff8a,2026-09-21,| OBS-03 | REQ-phone | [crossed out] | / | / | / | / | |,"{""Case"": ""OBS-03"", ""Activity"": ""REQ-phone"", ""Start"": ""[crossed out]"", ""End"": ""/"", ""Volume"": ""/"", ""INT"": ""/"", ""DEC?"": ""/"", ""Note"": """"}"
2026-09-18,Baseline,5,OBS-03,OTHER/EXC,Follow up order status or delivery commitments,P,Monitoring,P,EXCLUDE_EXC,VALID,,3,Exact recorded interval,10:43,10:46,/,/,/,Supplier contact concerning finance and a delivery-date change due to an open invoice. Supplier recorded as Swagelock.,,unassigned,Unresolved / ?,"Supplier contact concerns an existing-order delivery change linked to an open invoice, provisionally supporting delivery-commitment follow-up. No Finance-returned discrepancy investigation is established.",Original combined OTHER/EXC label contains EXC. Supplier contact about an open invoice and delivery change is excluded; no documented Finance return supports Task 30. Delivery follow-up provisionally supports monitoring.,,Arno,live_family,,,,3 / n/a,5: OBS-03; 10:43 to 10:46,docs/measurement/Measure_Observation_2026-09-18.md,https://github.com/Luuuuuig/Bachelor-End-Project/blob/7ec78e840589c711c73055cf6215e3f90040ff8a/docs/measurement/Measure_Observation_2026-09-18.md,7ec78e840589c711c73055cf6215e3f90040ff8a,2026-09-21,| OBS-03 | OTHER/EXC | 10:43 | 10:46 | / | / | / | Supplier contact concerning finance and a delivery-date change due to an open invoice. Supplier recorded as Swagelock. |,"{""Case"": ""OBS-03"", ""Activity"": ""OTHER/EXC"", ""Start"": ""10:43"", ""End"": ""10:46"", ""Volume"": ""/"", ""INT"": ""/"", ""DEC?"": ""/"", ""Note"": ""Supplier contact concerning finance and a delivery-date change due to an open invoice. Supplier recorded as Swagelock.""}"
2026-09-18,Baseline,6,OBS-01,CHECK,Check and process supplier confirmations,P,Monitoring,P,INCLUDE,VALID,5,5,Exact recorded interval,10:47,10:52,32L,/,/,,,26,Mapped / P,"This same-case check probably resumes the explicitly identified order-confirmation work. The compared document is not independently identified in this row, so confidence remains provisional.",Same-case resumption follows the explicitly identified order-confirmation check. Task 26 and monitoring are probable from that context; no correction or completion step is inferred.,,Arno,live_family,,,,5 / 5,6: OBS-01; 10:47 to 10:52,docs/measurement/Measure_Observation_2026-09-18.md,https://github.com/Luuuuuig/Bachelor-End-Project/blob/7ec78e840589c711c73055cf6215e3f90040ff8a/docs/measurement/Measure_Observation_2026-09-18.md,7ec78e840589c711c73055cf6215e3f90040ff8a,2026-09-21,| OBS-01 | CHECK | 10:47 | 10:52 | 32L | / | / | |,"{""Case"": ""OBS-01"", ""Activity"": ""CHECK"", ""Start"": ""10:47"", ""End"": ""10:52"", ""Volume"": ""32L"", ""INT"": ""/"", ""DEC?"": ""/"", ""Note"": """"}"
2026-09-18,Baseline,7,OBS-01,OTHER,Check and process supplier confirmations,P,Monitoring,P,INCLUDE,VALID,2,2,Exact recorded interval,10:52,10:54,/,/,/,Attach the file to Exact.,,28,Mapped / P,Attaching a file to Exact follows the confirmation checks and probably archives the confirmation. The file identity and any Bevestigd update are not explicit.,"Attaching a file to Exact follows this case's confirmation checks. Confirmation archiving is probable, but the file is not explicitly identified here and setting Bevestigd is not established.",,Arno,live_family,,,,2 / 2,7: OBS-01; 10:52 to 10:54,docs/measurement/Measure_Observation_2026-09-18.md,https://github.com/Luuuuuig/Bachelor-End-Project/blob/7ec78e840589c711c73055cf6215e3f90040ff8a/docs/measurement/Measure_Observation_2026-09-18.md,7ec78e840589c711c73055cf6215e3f90040ff8a,2026-09-21,| OBS-01 | OTHER | 10:52 | 10:54 | / | / | / | Attach the file to Exact. |,"{""Case"": ""OBS-01"", ""Activity"": ""OTHER"", ""Start"": ""10:52"", ""End"": ""10:54"", ""Volume"": ""/"", ""INT"": ""/"", ""DEC?"": ""/"", ""Note"": ""Attach the file to Exact.""}"
2026-09-18,Baseline,8,OBS-01,SEND,Follow up order status or delivery commitments,C,Monitoring,C,EXCLUDE_AFTERCARE,VALID,,2,Exact recorded interval,10:54,10:56,/,/,/,Ask whether several items on the PO can be delivered sooner.,,unassigned,U / C,"The buyer explicitly asks whether items on an existing PO can arrive sooner. This is delivery expediting, retaining its excluded aftercare scope.",Request to bring forward delivery of items on an existing PO is expediting/aftercare. Exclude this SEND independently of the eligible confirmation-check rows in the same case.,,Arno,live_family,,,,2 / n/a,8: OBS-01; 10:54 to 10:56,docs/measurement/Measure_Observation_2026-09-18.md,https://github.com/Luuuuuig/Bachelor-End-Project/blob/7ec78e840589c711c73055cf6215e3f90040ff8a/docs/measurement/Measure_Observation_2026-09-18.md,7ec78e840589c711c73055cf6215e3f90040ff8a,2026-09-21,| OBS-01 | SEND | 10:54 | 10:56 | / | / | / | Ask whether several items on the PO can be delivered sooner. |,"{""Case"": ""OBS-01"", ""Activity"": ""SEND"", ""Start"": ""10:54"", ""End"": ""10:56"", ""Volume"": ""/"", ""INT"": ""/"", ""DEC?"": ""/"", ""Note"": ""Ask whether several items on the PO can be delivered sooner.""}"
2026-09-18,Baseline,9,OBS-01 (2026-08-31),[uncertain],Unresolved activity,?,Unresolved stage,?,REVIEW_SCOPE,VALID,,1,Exact recorded interval,10:58,10:59,/,/,/,Primer-C from the 31 August observation; see clarification below.,,unassigned,Unresolved / ?,Calculator use and closing a tab do not identify the calculation or task. Preserve the earlier 31 August case identity without assigning a checking subtype.,"Dated Primer-C case link is retained. Calculator use and closing a tab do not establish what was calculated, a CHECK task, purchasing stage or scope. The one recorded minute is retained but not analyzed pending clarification.",,Arno,live_family,,,,1 / n/a,9: OBS-01 (2026-08-31); 10:58 to 10:59,docs/measurement/Measure_Observation_2026-09-18.md,https://github.com/Luuuuuig/Bachelor-End-Project/blob/7ec78e840589c711c73055cf6215e3f90040ff8a/docs/measurement/Measure_Observation_2026-09-18.md,7ec78e840589c711c73055cf6215e3f90040ff8a,2026-09-21,| OBS-01 (2026-08-31) | [uncertain] | 10:58 | 10:59 | / | / | / | Primer-C from the 31 August observation; see clarification below. |,"{""Case"": ""OBS-01 (2026-08-31)"", ""Activity"": ""[uncertain]"", ""Start"": ""10:58"", ""End"": ""10:59"", ""Volume"": ""/"", ""INT"": ""/"", ""DEC?"": ""/"", ""Note"": ""Primer-C from the 31 August observation; see clarification below.""}"
2026-09-18,Baseline,10,OBS-04,REQ-mail,Receive and complete a defined purchasing request,P,Ordering,P,INCLUDE,VALID,,,Untimed,/,/,/,/,/,,,1,Mapped / P,"The email request concerns six flags with an existing quotation, supporting probable intake of a defined purchasing need. The occurrence remains untimed.",Mail intake is linked by the case note to a defined request for six flags with an existing quotation; receipt of that purchasing need and ordering context are probable. No duration recorded.,,Arno,live_family,,,,n/a / n/a,10: OBS-04; untimed,docs/measurement/Measure_Observation_2026-09-18.md,https://github.com/Luuuuuig/Bachelor-End-Project/blob/7ec78e840589c711c73055cf6215e3f90040ff8a/docs/measurement/Measure_Observation_2026-09-18.md,7ec78e840589c711c73055cf6215e3f90040ff8a,2026-09-21,| OBS-04 | REQ-mail | / | / | / | / | / | |,"{""Case"": ""OBS-04"", ""Activity"": ""REQ-mail"", ""Start"": ""/"", ""End"": ""/"", ""Volume"": ""/"", ""INT"": ""/"", ""DEC?"": ""/"", ""Note"": """"}"
2026-09-18,Baseline,11,OBS-04,PO,"Prepare, amend or release a purchase order",C,Ordering,C,INCLUDE,VALID,3,3,Exact recorded interval,10:59,11:02,/,/,1,Create a PO for six new Hytech-Pommec flags; see case note below.,,17,Mapped / C,"The buyer explicitly creates a PO for six flags. The missing quotation and decision to leave the issue to Johan do not establish approval routing, release or HOLD.",Creation of a PO for six flags is explicit. The missing quotation and decision to leave the matter to Johan do not prove a specific approval-routing action or HOLD outcome.,,Arno,live_family,,,,3 / 3,11: OBS-04; 10:59 to 11:02,docs/measurement/Measure_Observation_2026-09-18.md,https://github.com/Luuuuuig/Bachelor-End-Project/blob/7ec78e840589c711c73055cf6215e3f90040ff8a/docs/measurement/Measure_Observation_2026-09-18.md,7ec78e840589c711c73055cf6215e3f90040ff8a,2026-09-21,| OBS-04 | PO | 10:59 | 11:02 | / | / | 1 | Create a PO for six new Hytech-Pommec flags; see case note below. |,"{""Case"": ""OBS-04"", ""Activity"": ""PO"", ""Start"": ""10:59"", ""End"": ""11:02"", ""Volume"": ""/"", ""INT"": ""/"", ""DEC?"": ""1"", ""Note"": ""Create a PO for six new Hytech-Pommec flags; see case note below.""}"
2026-09-18,Baseline,12,OBS-04,SEND,Unresolved activity,?,Ordering,P,INCLUDE,VALID,,,Untimed,/,/,/,/,/,,,unassigned,Unresolved / ?,"The untimed SEND has no recipient or content, and the flags matter was left to Johan. Neither supplier-PO sending nor approval routing is established.","Untimed SEND belongs to the flags order, but recipient and purpose are unspecified and the matter was left to Johan. Do not infer supplier forwarding or approval routing.",,Arno,live_family,,,,n/a / n/a,12: OBS-04; untimed,docs/measurement/Measure_Observation_2026-09-18.md,https://github.com/Luuuuuig/Bachelor-End-Project/blob/7ec78e840589c711c73055cf6215e3f90040ff8a/docs/measurement/Measure_Observation_2026-09-18.md,7ec78e840589c711c73055cf6215e3f90040ff8a,2026-09-21,| OBS-04 | SEND | / | / | / | / | / | |,"{""Case"": ""OBS-04"", ""Activity"": ""SEND"", ""Start"": ""/"", ""End"": ""/"", ""Volume"": ""/"", ""INT"": ""/"", ""DEC?"": ""/"", ""Note"": """"}"
2026-09-18,Baseline,13,OBS-05,REQ-mail,Follow up order status or delivery commitments,P,Monitoring,P,EXCLUDE_AFTERCARE,VALID,,,Untimed,/,/,/,/,/,An item was unavailable.,,31,Mapped / P,"The email concerns unavailable items on an existing order, provisionally supporting intake of a fulfilment/availability issue. It is not a new purchasing requirement.","Mail records item unavailability; the same case explicitly concerns dropping unavailable items from an existing order. Intake of that issue is aftercare, with Task 31 coverage and monitoring provisional.",,Arno,live_family,,,,n/a / n/a,13: OBS-05; untimed,docs/measurement/Measure_Observation_2026-09-18.md,https://github.com/Luuuuuig/Bachelor-End-Project/blob/7ec78e840589c711c73055cf6215e3f90040ff8a/docs/measurement/Measure_Observation_2026-09-18.md,7ec78e840589c711c73055cf6215e3f90040ff8a,2026-09-21,| OBS-05 | REQ-mail | / | / | / | / | / | An item was unavailable. |,"{""Case"": ""OBS-05"", ""Activity"": ""REQ-mail"", ""Start"": ""/"", ""End"": ""/"", ""Volume"": ""/"", ""INT"": ""/"", ""DEC?"": ""/"", ""Note"": ""An item was unavailable.""}"
2026-09-18,Baseline,14,OBS-05,CLAR,Unresolved activity,?,Unresolved stage,?,REVIEW_SCOPE,VALID,,1,Exact recorded interval,11:05,11:06,/,1,,,,unassigned,Unresolved / ?,This CLAR has no description. The surrounding unavailability case is insufficient to identify its action or purpose; preserve the blank decision field.,"No CLAR description is recorded. The surrounding unavailability case makes scope uncertain, but is not enough to exclude this entire case or impute Task 31. Blank DEC is preserved as clarified by Yijie.",,Arno,live_family,,,,1 / n/a,14: OBS-05; 11:05 to 11:06,docs/measurement/Measure_Observation_2026-09-18.md,https://github.com/Luuuuuig/Bachelor-End-Project/blob/7ec78e840589c711c73055cf6215e3f90040ff8a/docs/measurement/Measure_Observation_2026-09-18.md,7ec78e840589c711c73055cf6215e3f90040ff8a,2026-09-21,| OBS-05 | CLAR | 11:05 | 11:06 | / | 1 | | |,"{""Case"": ""OBS-05"", ""Activity"": ""CLAR"", ""Start"": ""11:05"", ""End"": ""11:06"", ""Volume"": ""/"", ""INT"": ""1"", ""DEC?"": """", ""Note"": """"}"
2026-09-18,Baseline,15,OBS-06,OTHER,Unresolved activity,?,Unresolved stage,?,REVIEW_SCOPE,VALID,,5,Exact recorded interval,11:06,11:11,/,/,/,Interrupted to handle certification information; see case note below.,,unassigned,Unresolved / ?,"Certification scheduling, finding information and forwarding it are described, but service-order preparation versus service-delivery coordination remains unresolved. Do not select a stage-specific category or allocate parts of the interval.","Lloyd certification scheduling, holiday availability and information forwarding are described. The evidence does not separate service-order preparation from service-delivery coordination/aftercare, so scope and stage remain unresolved.",,Arno,live_family,,,,5 / n/a,15: OBS-06; 11:06 to 11:11,docs/measurement/Measure_Observation_2026-09-18.md,https://github.com/Luuuuuig/Bachelor-End-Project/blob/7ec78e840589c711c73055cf6215e3f90040ff8a/docs/measurement/Measure_Observation_2026-09-18.md,7ec78e840589c711c73055cf6215e3f90040ff8a,2026-09-21,| OBS-06 | OTHER | 11:06 | 11:11 | / | / | / | Interrupted to handle certification information; see case note below. |,"{""Case"": ""OBS-06"", ""Activity"": ""OTHER"", ""Start"": ""11:06"", ""End"": ""11:11"", ""Volume"": ""/"", ""INT"": ""/"", ""DEC?"": ""/"", ""Note"": ""Interrupted to handle certification information; see case note below.""}"
2026-09-18,Baseline,16,OBS-06,SEND,Unresolved activity,?,Unresolved stage,?,REVIEW_SCOPE,VALID,,,Untimed,[crossed out],/,/,/,/,Call noted as within one minute; no complete start/end times recorded.,,unassigned,Unresolved / ?,The certification communication has no sufficiently resolved purchasing purpose. Within one minute is not an exact duration and does not establish a supplier-PO send.,Certification communication belongs to the ambiguous service-scheduling episode. Within one minute is not a reliable measured duration; preserve the occurrence without assigning zero or one minute or Task 23.,,Arno,live_family,,,,n/a / n/a,16: OBS-06; untimed,docs/measurement/Measure_Observation_2026-09-18.md,https://github.com/Luuuuuig/Bachelor-End-Project/blob/7ec78e840589c711c73055cf6215e3f90040ff8a/docs/measurement/Measure_Observation_2026-09-18.md,7ec78e840589c711c73055cf6215e3f90040ff8a,2026-09-21,| OBS-06 | SEND | [crossed out] | / | / | / | / | Call noted as within one minute; no complete start/end times recorded. |,"{""Case"": ""OBS-06"", ""Activity"": ""SEND"", ""Start"": ""[crossed out]"", ""End"": ""/"", ""Volume"": ""/"", ""INT"": ""/"", ""DEC?"": ""/"", ""Note"": ""Call noted as within one minute; no complete start/end times recorded.""}"
2026-09-18,Baseline,17,OBS-07,CHECK,Unresolved activity,?,Unresolved stage,?,INCLUDE,VALID,4,4,Exact recorded interval,11:11,11:15,2L,/,/,Order for an article consisting of multiple components.,,unassigned,Unresolved / ?,"A check concerns a multi-component article order, but neither the checked field nor its pre/post-order purpose is known.","The check concerns an order for a multi-component article, but neither the checked field nor pre/post-order purpose is recorded. Eligible family time remains usable without guessing Task 15/26 or a stage.",,Arno,live_family,,,,4 / 4,17: OBS-07; 11:11 to 11:15,docs/measurement/Measure_Observation_2026-09-18.md,https://github.com/Luuuuuig/Bachelor-End-Project/blob/7ec78e840589c711c73055cf6215e3f90040ff8a/docs/measurement/Measure_Observation_2026-09-18.md,7ec78e840589c711c73055cf6215e3f90040ff8a,2026-09-21,| OBS-07 | CHECK | 11:11 | 11:15 | 2L | / | / | Order for an article consisting of multiple components. |,"{""Case"": ""OBS-07"", ""Activity"": ""CHECK"", ""Start"": ""11:11"", ""End"": ""11:15"", ""Volume"": ""2L"", ""INT"": ""/"", ""DEC?"": ""/"", ""Note"": ""Order for an article consisting of multiple components.""}"
2026-09-18,Baseline,18,OBS-08,REQ-phone,Unresolved activity,?,Unresolved stage,?,EXCLUDE_LOGISTICS,VALID,,,Untimed,/,/,/,/,/,,,unassigned,U / P,"The intake belongs to warehouse availability and collection coordination, without an evidenced purchasing-order purpose or matching catalogued purchasing activity.",Case clarification identifies a direct call leading to collection of existing pieces. This intake belongs to the documented warehouse/collection coordination rather than a new supplier purchasing requirement. Collection coordination does not establish a purchasing-process stage.,,Arno,live_family,,,,n/a / n/a,18: OBS-08; untimed,docs/measurement/Measure_Observation_2026-09-18.md,https://github.com/Luuuuuig/Bachelor-End-Project/blob/7ec78e840589c711c73055cf6215e3f90040ff8a/docs/measurement/Measure_Observation_2026-09-18.md,7ec78e840589c711c73055cf6215e3f90040ff8a,2026-09-21,| OBS-08 | REQ-phone | / | / | / | / | / | |,"{""Case"": ""OBS-08"", ""Activity"": ""REQ-phone"", ""Start"": ""/"", ""End"": ""/"", ""Volume"": ""/"", ""INT"": ""/"", ""DEC?"": ""/"", ""Note"": """"}"
2026-09-18,Baseline,19,OBS-08,CLAR,Unresolved activity,?,Unresolved stage,?,EXCLUDE_LOGISTICS,VALID,,2,Exact recorded interval,11:15,11:17,/,/,/,The item should be in the warehouse. Arno would ask Maurice and call back.,,unassigned,U / C,"Finding existing warehouse pieces for collection is logistics coordination, not a demonstrated assessment of demand for a new purchasing order.","Finding existing warehouse pieces for direct collection is logistics coordination. It is not Task 6 assessment of stock for a new order's quantity or timing. No purchasing-order follow-up is established, so the stage remains unresolved.",,Arno,live_family,,,,2 / n/a,19: OBS-08; 11:15 to 11:17,docs/measurement/Measure_Observation_2026-09-18.md,https://github.com/Luuuuuig/Bachelor-End-Project/blob/7ec78e840589c711c73055cf6215e3f90040ff8a/docs/measurement/Measure_Observation_2026-09-18.md,7ec78e840589c711c73055cf6215e3f90040ff8a,2026-09-21,| OBS-08 | CLAR | 11:15 | 11:17 | / | / | / | The item should be in the warehouse. Arno would ask Maurice and call back. |,"{""Case"": ""OBS-08"", ""Activity"": ""CLAR"", ""Start"": ""11:15"", ""End"": ""11:17"", ""Volume"": ""/"", ""INT"": ""/"", ""DEC?"": ""/"", ""Note"": ""The item should be in the warehouse. Arno would ask Maurice and call back.""}"
2026-09-18,Baseline,20,OBS-08,CLAR,Unresolved activity,?,Unresolved stage,?,EXCLUDE_LOGISTICS,VALID,,2,Exact recorded interval,11:17,11:19,/,/,/,"Call with Maurice: three pieces available, whereas the note states eight were required.",,unassigned,U / C,The call establishes existing pieces available for collection. It does not establish purchasing-order monitoring or demand allocation under an observed ordering decision.,"Call with Maurice establishes available pieces for collection. Logistics scope is explicit, but no supplier purchasing-order follow-up is evidenced; the stage remains unresolved.",,Arno,live_family,,,,2 / n/a,20: OBS-08; 11:17 to 11:19,docs/measurement/Measure_Observation_2026-09-18.md,https://github.com/Luuuuuig/Bachelor-End-Project/blob/7ec78e840589c711c73055cf6215e3f90040ff8a/docs/measurement/Measure_Observation_2026-09-18.md,7ec78e840589c711c73055cf6215e3f90040ff8a,2026-09-21,"| OBS-08 | CLAR | 11:17 | 11:19 | / | / | / | Call with Maurice: three pieces available, whereas the note states eight were required. |","{""Case"": ""OBS-08"", ""Activity"": ""CLAR"", ""Start"": ""11:17"", ""End"": ""11:19"", ""Volume"": ""/"", ""INT"": ""/"", ""DEC?"": ""/"", ""Note"": ""Call with Maurice: three pieces available, whereas the note states eight were required.""}"
2026-09-18,Baseline,21,OBS-08,CLAR,Unresolved activity,?,Unresolved stage,?,EXCLUDE_LOGISTICS,VALID,,1,Exact recorded interval,11:19,11:20,/,/,/,Forward the information.,,unassigned,U / P,The buyer forwards warehouse-availability information as collection coordination; this is not supplier-PO forwarding and no purchasing stage is established.,Forwarding the immediately preceding warehouse-availability information is part of the same collection coordination. Do not reinterpret the raw CLAR as supplier PO forwarding. A purchasing-process stage is not established.,,Arno,live_family,,,,1 / n/a,21: OBS-08; 11:19 to 11:20,docs/measurement/Measure_Observation_2026-09-18.md,https://github.com/Luuuuuig/Bachelor-End-Project/blob/7ec78e840589c711c73055cf6215e3f90040ff8a/docs/measurement/Measure_Observation_2026-09-18.md,7ec78e840589c711c73055cf6215e3f90040ff8a,2026-09-21,| OBS-08 | CLAR | 11:19 | 11:20 | / | / | / | Forward the information. |,"{""Case"": ""OBS-08"", ""Activity"": ""CLAR"", ""Start"": ""11:19"", ""End"": ""11:20"", ""Volume"": ""/"", ""INT"": ""/"", ""DEC?"": ""/"", ""Note"": ""Forward the information.""}"
2026-09-18,Baseline,22,OBS-08,CLAR,Unresolved activity,?,Unresolved stage,?,EXCLUDE_LOGISTICS,VALID,,2,Exact recorded interval,11:20,11:22,/,/,/,Tell service to prepare three pieces for collection; see case note below.,,unassigned,U / C,The instruction prepares three existing pieces for collection. Keep the logistics subtype explicit without substituting a purchasing-stage activity.,Instruction to prepare three pieces for collection is logistics work. No assumption is made about the remaining requested pieces. The purchasing-stage connection is not established.,,Arno,live_family,,,,2 / n/a,22: OBS-08; 11:20 to 11:22,docs/measurement/Measure_Observation_2026-09-18.md,https://github.com/Luuuuuig/Bachelor-End-Project/blob/7ec78e840589c711c73055cf6215e3f90040ff8a/docs/measurement/Measure_Observation_2026-09-18.md,7ec78e840589c711c73055cf6215e3f90040ff8a,2026-09-21,| OBS-08 | CLAR | 11:20 | 11:22 | / | / | / | Tell service to prepare three pieces for collection; see case note below. |,"{""Case"": ""OBS-08"", ""Activity"": ""CLAR"", ""Start"": ""11:20"", ""End"": ""11:22"", ""Volume"": ""/"", ""INT"": ""/"", ""DEC?"": ""/"", ""Note"": ""Tell service to prepare three pieces for collection; see case note below.""}"
2026-09-18,Baseline,23,OBS-02,OTHER,Check and process supplier confirmations,C,Monitoring,C,INCLUDE,VALID,2,2,Exact recorded interval,11:23,11:25,/,/,/,Attach the order confirmation to the PO.,,28,Mapped / C,"The buyer explicitly attaches the order confirmation to the PO. This is confirmation archiving only; Bevestigd, correction and goods receipt are not inferred.",Attaching the order confirmation to the PO is the archiving component of Task 28. Setting Bevestigd and goods receipt are not established.,,Arno,live_family,,,,2 / 2,23: OBS-02; 11:23 to 11:25,docs/measurement/Measure_Observation_2026-09-18.md,https://github.com/Luuuuuig/Bachelor-End-Project/blob/7ec78e840589c711c73055cf6215e3f90040ff8a/docs/measurement/Measure_Observation_2026-09-18.md,7ec78e840589c711c73055cf6215e3f90040ff8a,2026-09-21,| OBS-02 | OTHER | 11:23 | 11:25 | / | / | / | Attach the order confirmation to the PO. |,"{""Case"": ""OBS-02"", ""Activity"": ""OTHER"", ""Start"": ""11:23"", ""End"": ""11:25"", ""Volume"": ""/"", ""INT"": ""/"", ""DEC?"": ""/"", ""Note"": ""Attach the order confirmation to the PO.""}"
2026-09-18,Baseline,24,OBS-05,EXC,Follow up order status or delivery commitments,P,Monitoring,P,EXCLUDE_EXC,VALID,,6,Exact recorded interval,11:25,11:31,[unclear: 12L?],/,/,Items unavailable; they could be dropped from the order. Further specification sent.,,31,Mapped / P,"Unavailability and possible dropping of items from an existing order provisionally support fulfilment-availability follow-up. Actual removal, a new supplier choice and a task-duration split are not established.",Supplier/item unavailability and possible removal from an order match Task 31 provisionally. Original EXC is excluded; the uncertain volume does not become a confirmed line count and no task/stage time split is invented.,,Arno,live_family,,,,6 / n/a,24: OBS-05; 11:25 to 11:31,docs/measurement/Measure_Observation_2026-09-18.md,https://github.com/Luuuuuig/Bachelor-End-Project/blob/7ec78e840589c711c73055cf6215e3f90040ff8a/docs/measurement/Measure_Observation_2026-09-18.md,7ec78e840589c711c73055cf6215e3f90040ff8a,2026-09-21,| OBS-05 | EXC | 11:25 | 11:31 | [unclear: 12L?] | / | / | Items unavailable; they could be dropped from the order. Further specification sent. |,"{""Case"": ""OBS-05"", ""Activity"": ""EXC"", ""Start"": ""11:25"", ""End"": ""11:31"", ""Volume"": ""[unclear: 12L?]"", ""INT"": ""/"", ""DEC?"": ""/"", ""Note"": ""Items unavailable; they could be dropped from the order. Further specification sent.""}"
2026-09-18,Baseline,25,OBS-09,PO,"Prepare, amend or release a purchase order",P,Ordering,P,REVIEW_SCOPE,VALID,,4,Exact recorded interval,11:31,11:35,2L,/,/,"Create an HSP order; two original lines plus the dropped OBS-05 item for another supplier, giving three lines in total.",,17;31,Mapped / P,One PO is prepared with original lines and an unavailable-item replacement. This is one order-preparation activity with mixed unresolved eligibility; task IDs 17 and 31 do not require separate activity categories or division by line count.,"One PO episode combines two original lines with the unavailable OBS-05 replacement for another supplier. Ordering work is apparent, but eligible original demand and excluded unavailability response cannot be separated in its four minutes. Retain written 2L despite the note's total of three lines; do not split time by lines.",,Arno,live_family,,,,4 / n/a,25: OBS-09; 11:31 to 11:35,docs/measurement/Measure_Observation_2026-09-18.md,https://github.com/Luuuuuig/Bachelor-End-Project/blob/7ec78e840589c711c73055cf6215e3f90040ff8a/docs/measurement/Measure_Observation_2026-09-18.md,7ec78e840589c711c73055cf6215e3f90040ff8a,2026-09-21,"| OBS-09 | PO | 11:31 | 11:35 | 2L | / | / | Create an HSP order; two original lines plus the dropped OBS-05 item for another supplier, giving three lines in total. |","{""Case"": ""OBS-09"", ""Activity"": ""PO"", ""Start"": ""11:31"", ""End"": ""11:35"", ""Volume"": ""2L"", ""INT"": ""/"", ""DEC?"": ""/"", ""Note"": ""Create an HSP order; two original lines plus the dropped OBS-05 item for another supplier, giving three lines in total.""}"
2026-09-18,Baseline,26,OBS-10,REQ-exact,Receive and complete a defined purchasing request,P,Ordering,P,INCLUDE,VALID,,,Untimed,/,/,/,/,/,,,1,Mapped / P,Exact intake is linked to the subsequent documented preparation of an already defined order. No separate navigation or demand-decision task is inferred.,Exact intake leads to the specifically documented order-preparation work in this case. Defined-demand intake is probable; detailed Exact review/navigation is not recorded.,,Arno,live_family,,,,n/a / n/a,26: OBS-10; untimed,docs/measurement/Measure_Observation_2026-09-18.md,https://github.com/Luuuuuig/Bachelor-End-Project/blob/7ec78e840589c711c73055cf6215e3f90040ff8a/docs/measurement/Measure_Observation_2026-09-18.md,7ec78e840589c711c73055cf6215e3f90040ff8a,2026-09-21,| OBS-10 | REQ-exact | / | / | / | / | / | |,"{""Case"": ""OBS-10"", ""Activity"": ""REQ-exact"", ""Start"": ""/"", ""End"": ""/"", ""Volume"": ""/"", ""INT"": ""/"", ""DEC?"": ""/"", ""Note"": """"}"
2026-09-18,Baseline,27,OBS-10,PO,Receive and complete a defined purchasing request,C,Ordering,C,INCLUDE,VALID,7,7,Exact recorded interval,11:35,11:42,7L,/,/,Prepare drawings to attach to the PO; write down which drawings are missing.,,17,Mapped / P,"Preparing the required drawings for attachment and identifying missing drawings complete information needed for this defined order. No specific PO-field entry, successful attachment, authorization or release is established.",Preparing drawings for attachment to this PO and listing missing drawings are explicit order preparation. Task 17 provides probable coverage; no price check or successful attachment is inferred.,,Arno,live_family,,,,7 / 7,27: OBS-10; 11:35 to 11:42,docs/measurement/Measure_Observation_2026-09-18.md,https://github.com/Luuuuuig/Bachelor-End-Project/blob/7ec78e840589c711c73055cf6215e3f90040ff8a/docs/measurement/Measure_Observation_2026-09-18.md,7ec78e840589c711c73055cf6215e3f90040ff8a,2026-09-21,| OBS-10 | PO | 11:35 | 11:42 | 7L | / | / | Prepare drawings to attach to the PO; write down which drawings are missing. |,"{""Case"": ""OBS-10"", ""Activity"": ""PO"", ""Start"": ""11:35"", ""End"": ""11:42"", ""Volume"": ""7L"", ""INT"": ""/"", ""DEC?"": ""/"", ""Note"": ""Prepare drawings to attach to the PO; write down which drawings are missing.""}"
2026-09-18,Baseline,28,OBS-10,CLAR,Receive and complete a defined purchasing request,C,Ordering,C,INCLUDE,VALID,2,2,Exact recorded interval,11:42,11:44,/,/,/,Look for the relevant drawings and ask the engineer for them.,,unassigned,U / P,"The buyer retrieves missing drawings and asks the engineer for them to complete an already defined order. This is information completion, not definition of new technical requirements.",Retrieving missing drawings and requesting them from an engineer for this PO are explicit. The register's validation task does not specifically cover this retrieval/enquiry; no historical-PO search is reported.,,Arno,live_family,,,,2 / 2,28: OBS-10; 11:42 to 11:44,docs/measurement/Measure_Observation_2026-09-18.md,https://github.com/Luuuuuig/Bachelor-End-Project/blob/7ec78e840589c711c73055cf6215e3f90040ff8a/docs/measurement/Measure_Observation_2026-09-18.md,7ec78e840589c711c73055cf6215e3f90040ff8a,2026-09-21,| OBS-10 | CLAR | 11:42 | 11:44 | / | / | / | Look for the relevant drawings and ask the engineer for them. |,"{""Case"": ""OBS-10"", ""Activity"": ""CLAR"", ""Start"": ""11:42"", ""End"": ""11:44"", ""Volume"": ""/"", ""INT"": ""/"", ""DEC?"": ""/"", ""Note"": ""Look for the relevant drawings and ask the engineer for them.""}"
2026-09-18,Baseline,29,OBS-11,REQ-exact,Receive and complete a defined purchasing request,P,Ordering,P,INCLUDE,VALID,,,Untimed,/,/,/,/,/,,,1,Mapped / P,"Exact intake leads to this case's documented PO preparation, supporting probable receipt of a defined purchasing request. The intake is untimed.",Exact intake is linked to subsequent PO preparation for this case. Task 1 and ordering context are probable; duration is absent.,,Arno,live_family,,,,n/a / n/a,29: OBS-11; untimed,docs/measurement/Measure_Observation_2026-09-18.md,https://github.com/Luuuuuig/Bachelor-End-Project/blob/7ec78e840589c711c73055cf6215e3f90040ff8a/docs/measurement/Measure_Observation_2026-09-18.md,7ec78e840589c711c73055cf6215e3f90040ff8a,2026-09-21,| OBS-11 | REQ-exact | / | / | / | / | / | |,"{""Case"": ""OBS-11"", ""Activity"": ""REQ-exact"", ""Start"": ""/"", ""End"": ""/"", ""Volume"": ""/"", ""INT"": ""/"", ""DEC?"": ""/"", ""Note"": """"}"
2026-09-18,Baseline,30,OBS-11,PO,"Prepare, amend or release a purchase order",C,Ordering,C,INCLUDE,VALID,2,2,Exact recorded interval,11:46,11:48,2L,/,/,One line added; further enquiry needed.,,17,Mapped / C,A line is explicitly added during PO preparation. This supports order completion without establishing the full same-supplier MAX process.,A line is added while preparing the PO and further enquiry is needed. Added lines alone do not establish same-supplier MAX or Tasks 7-11.,,Arno,live_family,,,,2 / 2,30: OBS-11; 11:46 to 11:48,docs/measurement/Measure_Observation_2026-09-18.md,https://github.com/Luuuuuig/Bachelor-End-Project/blob/7ec78e840589c711c73055cf6215e3f90040ff8a/docs/measurement/Measure_Observation_2026-09-18.md,7ec78e840589c711c73055cf6215e3f90040ff8a,2026-09-21,| OBS-11 | PO | 11:46 | 11:48 | 2L | / | / | One line added; further enquiry needed. |,"{""Case"": ""OBS-11"", ""Activity"": ""PO"", ""Start"": ""11:46"", ""End"": ""11:48"", ""Volume"": ""2L"", ""INT"": ""/"", ""DEC?"": ""/"", ""Note"": ""One line added; further enquiry needed.""}"
2026-09-18,Baseline,31,OBS-11,CLAR,Receive and complete a defined purchasing request,P,Ordering,P,INCLUDE,VALID,4,4,Exact recorded interval,11:48,11:52,/,/,/,Relevant person unavailable; ask other colleagues. Also discuss the OBS-10 drawing.,,unassigned,Unresolved / ?,"Obtaining information from colleagues includes discussion of the drawing for the other defined order. Probable information completion is retained for the inseparable four-minute episode, without allocation by case or task.",Obtaining information from colleagues also includes discussion of the OBS-10 drawing. Keep this combined four-minute episode once under its recorded case; no cross-case or task time split is supported.,,Arno,live_family,,,,4 / 4,31: OBS-11; 11:48 to 11:52,docs/measurement/Measure_Observation_2026-09-18.md,https://github.com/Luuuuuig/Bachelor-End-Project/blob/7ec78e840589c711c73055cf6215e3f90040ff8a/docs/measurement/Measure_Observation_2026-09-18.md,7ec78e840589c711c73055cf6215e3f90040ff8a,2026-09-21,| OBS-11 | CLAR | 11:48 | 11:52 | / | / | / | Relevant person unavailable; ask other colleagues. Also discuss the OBS-10 drawing. |,"{""Case"": ""OBS-11"", ""Activity"": ""CLAR"", ""Start"": ""11:48"", ""End"": ""11:52"", ""Volume"": ""/"", ""INT"": ""/"", ""DEC?"": ""/"", ""Note"": ""Relevant person unavailable; ask other colleagues. Also discuss the OBS-10 drawing.""}"
2026-09-18,Baseline,32,OBS-13,PO,"Prepare, amend or release a purchase order",P,Ordering,P,REVIEW_SCOPE,VALID,,3,Exact recorded interval,11:52,11:55,3L,/,1,,,17,Mapped / P,"The PO row and case note support probable order preparation, but initial demand versus an existing availability response remains a scope question. No specific HOLD or approval action is inferred from the decision flag.",PO work is recorded and the spanning case note describes a requested 15 October delivery and supplier quantity shortage. Initial order preparation versus response to an existing unavailability issue cannot be separated; preserve the DEC flag without inventing a specific decision task.,,Arno,live_family,,,,3 / n/a,32: OBS-13; 11:52 to 11:55,docs/measurement/Measure_Observation_2026-09-18.md,https://github.com/Luuuuuig/Bachelor-End-Project/blob/7ec78e840589c711c73055cf6215e3f90040ff8a/docs/measurement/Measure_Observation_2026-09-18.md,7ec78e840589c711c73055cf6215e3f90040ff8a,2026-09-21,| OBS-13 | PO | 11:52 | 11:55 | 3L | / | 1 | |,"{""Case"": ""OBS-13"", ""Activity"": ""PO"", ""Start"": ""11:52"", ""End"": ""11:55"", ""Volume"": ""3L"", ""INT"": ""/"", ""DEC?"": ""1"", ""Note"": """"}"
2026-09-18,Baseline,33,OBS-13,SEND,Unresolved activity,?,Ordering,P,REVIEW_SCOPE,VALID,,2,Exact recorded interval,11:56,11:58,/,/,/,,,23,Mapped / P,"A SEND episode follows same-case order work, but the document, recipient and purpose are unrecorded. Prior stage/scope judgments remain visible; they do not establish supplier-PO sending. Apply the same evidence threshold as other blank SEND rows.","SEND follows OBS-13 PO work, so supplier-order communication is probable. The spanning note also describes partial availability/delivery arrangements; scope cannot be separated from the unavailability response, and no Task 23 confirmation is asserted.",,Arno,live_family,,,,2 / n/a,33: OBS-13; 11:56 to 11:58,docs/measurement/Measure_Observation_2026-09-18.md,https://github.com/Luuuuuig/Bachelor-End-Project/blob/7ec78e840589c711c73055cf6215e3f90040ff8a/docs/measurement/Measure_Observation_2026-09-18.md,7ec78e840589c711c73055cf6215e3f90040ff8a,2026-09-21,| OBS-13 | SEND | 11:56 | 11:58 | / | / | / | |,"{""Case"": ""OBS-13"", ""Activity"": ""SEND"", ""Start"": ""11:56"", ""End"": ""11:58"", ""Volume"": ""/"", ""INT"": ""/"", ""DEC?"": ""/"", ""Note"": """"}"
2026-09-18,Baseline,34,OBS-09,SEND,Unresolved activity,?,Ordering,P,REVIEW_SCOPE,VALID,,1,Exact recorded interval,11:58,11:59,/,/,/,,,23,Mapped / P,"A SEND episode follows same-case order work, but the document, recipient and purpose are unrecorded. Prior stage/scope judgments remain visible; they do not establish supplier-PO sending. Apply the same evidence threshold as other blank SEND rows.","SEND probably communicates the OBS-09 order, but its content is unspecified and that order combines original demand with the excluded OBS-05 replacement response. No separable eligible sending duration is established.",,Arno,live_family,,,,1 / n/a,34: OBS-09; 11:58 to 11:59,docs/measurement/Measure_Observation_2026-09-18.md,https://github.com/Luuuuuig/Bachelor-End-Project/blob/7ec78e840589c711c73055cf6215e3f90040ff8a/docs/measurement/Measure_Observation_2026-09-18.md,7ec78e840589c711c73055cf6215e3f90040ff8a,2026-09-21,| OBS-09 | SEND | 11:58 | 11:59 | / | / | / | |,"{""Case"": ""OBS-09"", ""Activity"": ""SEND"", ""Start"": ""11:58"", ""End"": ""11:59"", ""Volume"": ""/"", ""INT"": ""/"", ""DEC?"": ""/"", ""Note"": """"}"
2026-09-18,Baseline,35,OBS-03,EXC,Follow up order status or delivery commitments,P,Monitoring,P,EXCLUDE_EXC,VALID,,2,Exact recorded interval,11:59,12:01,/,/,/,"Following an internal meeting, the supplier told Arno that the delay would not happen again.",,unassigned,U / P,The supplier assurance about avoiding another delay is probable delivery-commitment follow-up. No invoice investigation or supplier-performance evaluation is established.,Supplier assurance about avoiding a repeated delay is aftercare context. EXC remains excluded; no specific registered buyer task or Finance return is demonstrated.,,Arno,live_family,,,,2 / n/a,35: OBS-03; 11:59 to 12:01,docs/measurement/Measure_Observation_2026-09-18.md,https://github.com/Luuuuuig/Bachelor-End-Project/blob/7ec78e840589c711c73055cf6215e3f90040ff8a/docs/measurement/Measure_Observation_2026-09-18.md,7ec78e840589c711c73055cf6215e3f90040ff8a,2026-09-21,"| OBS-03 | EXC | 11:59 | 12:01 | / | / | / | Following an internal meeting, the supplier told Arno that the delay would not happen again. |","{""Case"": ""OBS-03"", ""Activity"": ""EXC"", ""Start"": ""11:59"", ""End"": ""12:01"", ""Volume"": ""/"", ""INT"": ""/"", ""DEC?"": ""/"", ""Note"": ""Following an internal meeting, the supplier told Arno that the delay would not happen again.""}"
2026-09-18,Baseline,36,OBS-03,CHECK,Check and process supplier confirmations,P,Monitoring,P,INCLUDE,VALID,7,7,Exact recorded interval,12:01,12:08,5L,/,/,Post-order price check.,,26,Mapped / P,"Explicit post-order price checking probably concerns confirmation comparison, but the compared documents are unspecified. Do not assert confirmation identity, correction or archiving.","Explicit post-order price checking is eligible routine monitoring, independently of this case's earlier EXC. Task 26 is only a probable confirmation-comparison interpretation; the confirmation document is not explicitly identified.",,Arno,live_family,,,,7 / 7,36: OBS-03; 12:01 to 12:08,docs/measurement/Measure_Observation_2026-09-18.md,https://github.com/Luuuuuig/Bachelor-End-Project/blob/7ec78e840589c711c73055cf6215e3f90040ff8a/docs/measurement/Measure_Observation_2026-09-18.md,7ec78e840589c711c73055cf6215e3f90040ff8a,2026-09-21,| OBS-03 | CHECK | 12:01 | 12:08 | 5L | / | / | Post-order price check. |,"{""Case"": ""OBS-03"", ""Activity"": ""CHECK"", ""Start"": ""12:01"", ""End"": ""12:08"", ""Volume"": ""5L"", ""INT"": ""/"", ""DEC?"": ""/"", ""Note"": ""Post-order price check.""}"
2026-09-18,Baseline,37,OBS-09,CHECK,Check and process supplier confirmations,P,Monitoring,P,INCLUDE,VALID,5,5,Exact recorded interval,12:08,12:13,3L,/,/,Post-order price check.,,26,Mapped / P,"This separate post-order price check provisionally fits confirmation processing. The source does not identify its compared documents, and the earlier mixed-scope PO does not dictate this episode's eligibility.","The separately observed post-order price check is routine control, not automatically the earlier mixed-scope PO episode. Task 26 and confirmation monitoring are provisional because the compared documents are unspecified.",,Arno,live_family,,,,5 / 5,37: OBS-09; 12:08 to 12:13,docs/measurement/Measure_Observation_2026-09-18.md,https://github.com/Luuuuuig/Bachelor-End-Project/blob/7ec78e840589c711c73055cf6215e3f90040ff8a/docs/measurement/Measure_Observation_2026-09-18.md,7ec78e840589c711c73055cf6215e3f90040ff8a,2026-09-21,| OBS-09 | CHECK | 12:08 | 12:13 | 3L | / | / | Post-order price check. |,"{""Case"": ""OBS-09"", ""Activity"": ""CHECK"", ""Start"": ""12:08"", ""End"": ""12:13"", ""Volume"": ""3L"", ""INT"": ""/"", ""DEC?"": ""/"", ""Note"": ""Post-order price check.""}"
2026-09-18,Baseline,38,OBS-11,CHECK,Check and process supplier confirmations,P,Monitoring,P,INCLUDE,VALID,2,2,Exact recorded interval,12:15,12:17,3L,/,/,Post-order price check.,,26,Mapped / P,"The post-order price check is provisionally classified as confirmation processing. No confirmation document, correction or archiving step is expressly named.","Explicit post-order price checking provisionally fits confirmation monitoring. The record does not identify the compared documents, so Task 26 is probable rather than established; no correction task is added.",,Arno,live_family,,,,2 / 2,38: OBS-11; 12:15 to 12:17,docs/measurement/Measure_Observation_2026-09-18.md,https://github.com/Luuuuuig/Bachelor-End-Project/blob/7ec78e840589c711c73055cf6215e3f90040ff8a/docs/measurement/Measure_Observation_2026-09-18.md,7ec78e840589c711c73055cf6215e3f90040ff8a,2026-09-21,| OBS-11 | CHECK | 12:15 | 12:17 | 3L | / | / | Post-order price check. |,"{""Case"": ""OBS-11"", ""Activity"": ""CHECK"", ""Start"": ""12:15"", ""End"": ""12:17"", ""Volume"": ""3L"", ""INT"": ""/"", ""DEC?"": ""/"", ""Note"": ""Post-order price check.""}"
2026-09-18,Baseline,39,OBS-12,EXC,Unresolved activity,?,Unresolved stage,?,EXCLUDE_EXC,VALID,,1,Exact recorded interval,12:17,12:18,/,/,/,Maurice asked what a received item was for; see clarification below.,,unassigned,U / C,"The buyer tries to determine whether a received item belongs to production, sales or VRD. Against the separately corrected UNKNOWN stage, receipt alone does not prove a purchasing discrepancy, post-receipt corrective action or Toewijzen.","Tracing the purpose of an already received item is post-receipt aftercare. EXC exclusion applies; no Toewijzen action, known production/sales/VRD link or resolution is inferred. Stage reassessment, 21 September: The item has been received, but its purpose is being queried. Receipt alone does not establish discrepancy resolution or supplier evaluation. Current stage: UNKNOWN / ?.","21 September: VW6 / P to UNKNOWN / ?. The item has been received, but its purpose is being queried. Receipt alone does not establish discrepancy resolution or supplier evaluation.",Arno,live_family,,,,1 / n/a,39: OBS-12; 12:17 to 12:18,docs/measurement/Measure_Observation_2026-09-18.md,https://github.com/Luuuuuig/Bachelor-End-Project/blob/7ec78e840589c711c73055cf6215e3f90040ff8a/docs/measurement/Measure_Observation_2026-09-18.md,7ec78e840589c711c73055cf6215e3f90040ff8a,2026-09-21,| OBS-12 | EXC | 12:17 | 12:18 | / | / | / | Maurice asked what a received item was for; see clarification below. |,"{""Case"": ""OBS-12"", ""Activity"": ""EXC"", ""Start"": ""12:17"", ""End"": ""12:18"", ""Volume"": ""/"", ""INT"": ""/"", ""DEC?"": ""/"", ""Note"": ""Maurice asked what a received item was for; see clarification below.""}"
2026-09-18,Baseline,40,OBS-10,SEND,Unresolved activity,?,Ordering,P,INCLUDE,UNCERTAIN,,2,Exact recorded interval,12:19,12:21,/,/,/,Drawing received from the engineer.,,unassigned,Unresolved / ?,"The SEND-labelled row records receiving a drawing, without identifying active buyer handling. Keep the activity unresolved and the existing quality uncertainty; do not classify supplier-PO sending or count receipt as buyer work.","Original SEND row records a drawing received from the engineer. Order-preparation purpose is probable, but receipt alone does not identify an active buyer action. Preserve two recorded minutes and original family; analysis minutes remain blank and no Task 23 is assigned.",,Arno,live_family,,,,2 / n/a,40: OBS-10; 12:19 to 12:21,docs/measurement/Measure_Observation_2026-09-18.md,https://github.com/Luuuuuig/Bachelor-End-Project/blob/7ec78e840589c711c73055cf6215e3f90040ff8a/docs/measurement/Measure_Observation_2026-09-18.md,7ec78e840589c711c73055cf6215e3f90040ff8a,2026-09-21,| OBS-10 | SEND | 12:19 | 12:21 | / | / | / | Drawing received from the engineer. |,"{""Case"": ""OBS-10"", ""Activity"": ""SEND"", ""Start"": ""12:19"", ""End"": ""12:21"", ""Volume"": ""/"", ""INT"": ""/"", ""DEC?"": ""/"", ""Note"": ""Drawing received from the engineer.""}"
2026-09-18,Baseline,41,OBS-10,CLAR,Receive and complete a defined purchasing request,C,Ordering,C,INCLUDE,VALID,4,4,Exact recorded interval,12:21,12:25,/,/,/,Final check that the drawing and its information were complete.,,4,Mapped / C,The buyer checks completeness of the drawing and its information for an already defined PO. This completes request information; it is not observed development of new requirements or a documented finished-order pre-release control.,Checking that the drawing and its information are complete validates supplied article/specification information for this already defined PO. No new requirement definition is established.,,Arno,live_family,,,,4 / 4,41: OBS-10; 12:21 to 12:25,docs/measurement/Measure_Observation_2026-09-18.md,https://github.com/Luuuuuig/Bachelor-End-Project/blob/7ec78e840589c711c73055cf6215e3f90040ff8a/docs/measurement/Measure_Observation_2026-09-18.md,7ec78e840589c711c73055cf6215e3f90040ff8a,2026-09-21,| OBS-10 | CLAR | 12:21 | 12:25 | / | / | / | Final check that the drawing and its information were complete. |,"{""Case"": ""OBS-10"", ""Activity"": ""CLAR"", ""Start"": ""12:21"", ""End"": ""12:25"", ""Volume"": ""/"", ""INT"": ""/"", ""DEC?"": ""/"", ""Note"": ""Final check that the drawing and its information were complete.""}"
2026-09-18,Baseline,42,OBS-14,EXC,Unresolved activity,?,Unresolved stage,?,EXCLUDE_EXC,VALID,,2,Exact recorded interval,13:08,13:10,/,/,/,Discuss when the goods would be collected.,,unassigned,U / P,Discussing collection is logistics-related coordination. It does not establish supplier-order monitoring or a completed-receipt discrepancy.,"Discussing goods collection is excluded EXC and logistics-related coordination. No supplier purchasing-order follow-up or completed receipt is established, so the purchasing stage remains unresolved.",,Arno,live_family,,,,2 / n/a,42: OBS-14; 13:08 to 13:10,docs/measurement/Measure_Observation_2026-09-18.md,https://github.com/Luuuuuig/Bachelor-End-Project/blob/7ec78e840589c711c73055cf6215e3f90040ff8a/docs/measurement/Measure_Observation_2026-09-18.md,7ec78e840589c711c73055cf6215e3f90040ff8a,2026-09-21,| OBS-14 | EXC | 13:08 | 13:10 | / | / | / | Discuss when the goods would be collected. |,"{""Case"": ""OBS-14"", ""Activity"": ""EXC"", ""Start"": ""13:08"", ""End"": ""13:10"", ""Volume"": ""/"", ""INT"": ""/"", ""DEC?"": ""/"", ""Note"": ""Discuss when the goods would be collected.""}"
2026-09-18,Baseline,43,OBS-15,EXC,Unresolved activity,?,Unresolved stage,?,EXCLUDE_EXC,VALID,,2,Exact recorded interval,13:10,13:12,/,/,/,Attach a certificate to the PO; the source also notes 18/09.,,unassigned,U / C,"A certificate is attached to a PO, but its transaction purpose is unknown. It is neither a supplier confirmation nor clearly article/supplier master-data maintenance.",Attaching a certificate is explicitly EXC. It is not order-confirmation archiving under Task 28; the transaction stage of this certificate work is not established.,,Arno,live_family,,,,2 / n/a,43: OBS-15; 13:10 to 13:12,docs/measurement/Measure_Observation_2026-09-18.md,https://github.com/Luuuuuig/Bachelor-End-Project/blob/7ec78e840589c711c73055cf6215e3f90040ff8a/docs/measurement/Measure_Observation_2026-09-18.md,7ec78e840589c711c73055cf6215e3f90040ff8a,2026-09-21,| OBS-15 | EXC | 13:10 | 13:12 | / | / | / | Attach a certificate to the PO; the source also notes 18/09. |,"{""Case"": ""OBS-15"", ""Activity"": ""EXC"", ""Start"": ""13:10"", ""End"": ""13:12"", ""Volume"": ""/"", ""INT"": ""/"", ""DEC?"": ""/"", ""Note"": ""Attach a certificate to the PO; the source also notes 18/09.""}"
2026-09-18,Baseline,44,OBS-16,REQ-mail,Follow up order status or delivery commitments,C,Monitoring,C,EXCLUDE_AFTERCARE,VALID,,,Untimed,/,/,/,/,/,Request for PO status.,,unassigned,U / C,"The email explicitly requests status of existing POs. This is order-status follow-up intake, not receipt of a new purchasing need.","Request for status of existing POs is aftercare intake, not a new purchasing need. It is excluded independently from the raw REQ-mail family; no intake duration is supplied.",,Arno,live_family,,,,n/a / n/a,44: OBS-16; untimed,docs/measurement/Measure_Observation_2026-09-18.md,https://github.com/Luuuuuig/Bachelor-End-Project/blob/7ec78e840589c711c73055cf6215e3f90040ff8a/docs/measurement/Measure_Observation_2026-09-18.md,7ec78e840589c711c73055cf6215e3f90040ff8a,2026-09-21,| OBS-16 | REQ-mail | / | / | / | / | / | Request for PO status. |,"{""Case"": ""OBS-16"", ""Activity"": ""REQ-mail"", ""Start"": ""/"", ""End"": ""/"", ""Volume"": ""/"", ""INT"": ""/"", ""DEC?"": ""/"", ""Note"": ""Request for PO status.""}"
2026-09-18,Baseline,45,OBS-16,EXC,Follow up order status or delivery commitments,C,Monitoring,C,EXCLUDE_EXC,VALID,,5,Exact recorded interval,13:12,13:17,/,1,/,Arno checked the relevant POs and forwarded the information; three items involved.,,unassigned,U / C,Checking existing PO delivery status and forwarding that information are explicit monitoring actions. Expected receipt of an item is not treated as confirmed receipt.,Existing-PO delivery-status checking and information forwarding are monitoring/aftercare. EXC remains excluded; expected receipt of one item is not treated as confirmed receipt.,,Arno,live_family,,,,5 / n/a,45: OBS-16; 13:12 to 13:17,docs/measurement/Measure_Observation_2026-09-18.md,https://github.com/Luuuuuig/Bachelor-End-Project/blob/7ec78e840589c711c73055cf6215e3f90040ff8a/docs/measurement/Measure_Observation_2026-09-18.md,7ec78e840589c711c73055cf6215e3f90040ff8a,2026-09-21,| OBS-16 | EXC | 13:12 | 13:17 | / | 1 | / | Arno checked the relevant POs and forwarded the information; three items involved. |,"{""Case"": ""OBS-16"", ""Activity"": ""EXC"", ""Start"": ""13:12"", ""End"": ""13:17"", ""Volume"": ""/"", ""INT"": ""1"", ""DEC?"": ""/"", ""Note"": ""Arno checked the relevant POs and forwarded the information; three items involved.""}"
2026-09-18,Baseline,46,OBS-17,EXC,Follow up order status or delivery commitments,P,Monitoring,P,EXCLUDE_EXC,VALID,,6,Exact recorded interval,13:17,13:23,/,/,/,Follow up on delivery and an incorrect component size; see clarification below.,,unassigned,U / P,"The interval combines delivery follow-up with discussion of a wrong-size/revision issue. Monitoring is probable, but the revision interpretation and actual receipt remain uncertain; no separate post-receipt category or time split is asserted.",Delivery follow-up and wrong-size/revision problem are excluded EXC. Monitoring is probable; the meaning of revisie is tentative and completed receipt is not confirmed.,,Arno,live_family,,,,6 / n/a,46: OBS-17; 13:17 to 13:23,docs/measurement/Measure_Observation_2026-09-18.md,https://github.com/Luuuuuig/Bachelor-End-Project/blob/7ec78e840589c711c73055cf6215e3f90040ff8a/docs/measurement/Measure_Observation_2026-09-18.md,7ec78e840589c711c73055cf6215e3f90040ff8a,2026-09-21,| OBS-17 | EXC | 13:17 | 13:23 | / | / | / | Follow up on delivery and an incorrect component size; see clarification below. |,"{""Case"": ""OBS-17"", ""Activity"": ""EXC"", ""Start"": ""13:17"", ""End"": ""13:23"", ""Volume"": ""/"", ""INT"": ""/"", ""DEC?"": ""/"", ""Note"": ""Follow up on delivery and an incorrect component size; see clarification below.""}"
2026-09-18,Baseline,47,OBS-18,SEND,Send the purchase order to the supplier,P,Ordering,C,INCLUDE,VALID,3,3,Exact recorded interval,13:23,13:26,/,/,/,Forward a PO approved by Johan.,,23,Mapped / P,"An approved PO is explicitly forwarded, but the recipient is not named. Supplier sending remains provisional, and Johan's approval is not included as Arno's activity.","Forwarding an approved PO is explicit and supplier forwarding under Task 23 is probable; the recipient is not named. Johan's approval is not assigned any of Arno's minutes, and no additional post-approval task is inferred.",,Arno,live_family,,,,3 / 3,47: OBS-18; 13:23 to 13:26,docs/measurement/Measure_Observation_2026-09-18.md,https://github.com/Luuuuuig/Bachelor-End-Project/blob/7ec78e840589c711c73055cf6215e3f90040ff8a/docs/measurement/Measure_Observation_2026-09-18.md,7ec78e840589c711c73055cf6215e3f90040ff8a,2026-09-21,| OBS-18 | SEND | 13:23 | 13:26 | / | / | / | Forward a PO approved by Johan. |,"{""Case"": ""OBS-18"", ""Activity"": ""SEND"", ""Start"": ""13:23"", ""End"": ""13:26"", ""Volume"": ""/"", ""INT"": ""/"", ""DEC?"": ""/"", ""Note"": ""Forward a PO approved by Johan.""}"
2026-09-18,Baseline,48,OBS-19,CLAR,"Search for, compare or choose suppliers",P,Supplier selection,P,INCLUDE,VALID,10,10,Exact recorded interval,13:27,13:37,/,/,/,Look for a cheaper option for paper sheets; ask Raja Pak for a whole-pallet price.,,unassigned,U / P,"Comparing cheaper supply options and asking for a whole-pallet price provisionally support supplier comparison. This does not establish a final supplier choice, award, negotiated price or contract.","Cheaper-supplier comparison and whole-pallet price enquiry support supplier-selection activity provisionally. This is not necessarily current supplier versus Exact price comparison (Task 15), nor observed negotiation/contracting.",,Arno,live_family,,,,10 / 10,48: OBS-19; 13:27 to 13:37,docs/measurement/Measure_Observation_2026-09-18.md,https://github.com/Luuuuuig/Bachelor-End-Project/blob/7ec78e840589c711c73055cf6215e3f90040ff8a/docs/measurement/Measure_Observation_2026-09-18.md,7ec78e840589c711c73055cf6215e3f90040ff8a,2026-09-21,| OBS-19 | CLAR | 13:27 | 13:37 | / | / | / | Look for a cheaper option for paper sheets; ask Raja Pak for a whole-pallet price. |,"{""Case"": ""OBS-19"", ""Activity"": ""CLAR"", ""Start"": ""13:27"", ""End"": ""13:37"", ""Volume"": ""/"", ""INT"": ""/"", ""DEC?"": ""/"", ""Note"": ""Look for a cheaper option for paper sheets; ask Raja Pak for a whole-pallet price.""}"
2026-09-18,Baseline,49,OBS-19,SEND,"Search for, compare or choose suppliers",P,Supplier selection,P,INCLUDE,VALID,,,Untimed,/,/,/,/,/,,,unassigned,U / P,"The untimed SEND belongs to the supplier-price comparison enquiry. Its exact content and recipient are not repeated, so selection-related communication remains provisional.","Untimed SEND belongs to the documented supplier-price enquiry for paper sheets; selection-related communication is probable. Its content/recipient are not repeated in this row, so no supplier-PO forwarding task is assigned.",,Arno,live_family,,,,n/a / n/a,49: OBS-19; untimed,docs/measurement/Measure_Observation_2026-09-18.md,https://github.com/Luuuuuig/Bachelor-End-Project/blob/7ec78e840589c711c73055cf6215e3f90040ff8a/docs/measurement/Measure_Observation_2026-09-18.md,7ec78e840589c711c73055cf6215e3f90040ff8a,2026-09-21,| OBS-19 | SEND | / | / | / | / | / | |,"{""Case"": ""OBS-19"", ""Activity"": ""SEND"", ""Start"": ""/"", ""End"": ""/"", ""Volume"": ""/"", ""INT"": ""/"", ""DEC?"": ""/"", ""Note"": """"}"
2026-09-18,Baseline,50,OBS-20,SEND,Send the purchase order to the supplier,P,Ordering,C,INCLUDE,VALID,1,1,Exact recorded interval,13:40,13:41,/,/,/,PO approved by Johan.,,23,Mapped / P,"The SEND row concerns an approved PO, supporting probable supplier-order sending. The recipient and action details are omitted; approval itself was another person's action.",SEND and an approved-PO note support ordering communication. Supplier forwarding is probable only because recipient/action details are omitted; Johan's approval is not Arno's timed action.,,Arno,live_family,,,,1 / 1,50: OBS-20; 13:40 to 13:41,docs/measurement/Measure_Observation_2026-09-18.md,https://github.com/Luuuuuig/Bachelor-End-Project/blob/7ec78e840589c711c73055cf6215e3f90040ff8a/docs/measurement/Measure_Observation_2026-09-18.md,7ec78e840589c711c73055cf6215e3f90040ff8a,2026-09-21,| OBS-20 | SEND | 13:40 | 13:41 | / | / | / | PO approved by Johan. |,"{""Case"": ""OBS-20"", ""Activity"": ""SEND"", ""Start"": ""13:40"", ""End"": ""13:41"", ""Volume"": ""/"", ""INT"": ""/"", ""DEC?"": ""/"", ""Note"": ""PO approved by Johan.""}"
2026-09-18,Baseline,51,OBS-21,REQ-exact,Receive and complete a defined purchasing request,P,Ordering,P,INCLUDE,VALID,,,Untimed,/,/,/,/,/,,,1,Mapped / P,Exact intake is linked to defined-demand PO/MAX processing. No separate Exact navigation or demand decision is inferred from the untimed intake.,Exact intake is linked to the subsequent defined-demand PO/MAX work. No separate Task 12 navigation or decision is inferred.,,Arno,live_family,,,,n/a / n/a,51: OBS-21; untimed,docs/measurement/Measure_Observation_2026-09-18.md,https://github.com/Luuuuuig/Bachelor-End-Project/blob/7ec78e840589c711c73055cf6215e3f90040ff8a/docs/measurement/Measure_Observation_2026-09-18.md,7ec78e840589c711c73055cf6215e3f90040ff8a,2026-09-21,| OBS-21 | REQ-exact | / | / | / | / | / | |,"{""Case"": ""OBS-21"", ""Activity"": ""REQ-exact"", ""Start"": ""/"", ""End"": ""/"", ""Volume"": ""/"", ""INT"": ""/"", ""DEC?"": ""/"", ""Note"": """"}"
2026-09-18,Baseline,52,OBS-21,PO,Combined activities,P,Ordering,C,INCLUDE,VALID,1,1,Exact recorded interval,13:42,13:43,27L,/,/,The source notes 24 original lines.,"Assess demand, consolidate and decide order timing; Prepare, amend or release a purchase order",7;9;17,Mapped / P,"The case explicitly links MAX with this PO episode and added demand, supporting probable consolidation and PO preparation together. The grouped demand category does not assert a HOLD/proceed decision; retain the single minute once.","Case clarification explicitly associates maximisatie with this PO row; 24 original lines and 27L support probable consolidation coverage. Keep the combined episode once; no post-MAX HOLD/proceed decision, task-level time split or changed DEC value is inferred.",,Arno,live_family,,,,1 / 1,52: OBS-21; 13:42 to 13:43,docs/measurement/Measure_Observation_2026-09-18.md,https://github.com/Luuuuuig/Bachelor-End-Project/blob/7ec78e840589c711c73055cf6215e3f90040ff8a/docs/measurement/Measure_Observation_2026-09-18.md,7ec78e840589c711c73055cf6215e3f90040ff8a,2026-09-21,| OBS-21 | PO | 13:42 | 13:43 | 27L | / | / | The source notes 24 original lines. |,"{""Case"": ""OBS-21"", ""Activity"": ""PO"", ""Start"": ""13:42"", ""End"": ""13:43"", ""Volume"": ""27L"", ""INT"": ""/"", ""DEC?"": ""/"", ""Note"": ""The source notes 24 original lines.""}"
2026-09-18,Baseline,53,OBS-21,CLAR,Unresolved activity,?,Ordering,P,INCLUDE,VALID,1,1,Exact recorded interval,13:43,13:44,/,/,/,,,unassigned,Unresolved / ?,The CLAR description is blank. Its position between order steps suggests an ordering stage but does not identify the particular activity.,"Description is blank, but this CLAR occurs between documented steps preparing the same order. Ordering purpose is probable; no specific enquiry, validation or decision task is assigned.",,Arno,live_family,,,,1 / 1,53: OBS-21; 13:43 to 13:44,docs/measurement/Measure_Observation_2026-09-18.md,https://github.com/Luuuuuig/Bachelor-End-Project/blob/7ec78e840589c711c73055cf6215e3f90040ff8a/docs/measurement/Measure_Observation_2026-09-18.md,7ec78e840589c711c73055cf6215e3f90040ff8a,2026-09-21,| OBS-21 | CLAR | 13:43 | 13:44 | / | / | / | |,"{""Case"": ""OBS-21"", ""Activity"": ""CLAR"", ""Start"": ""13:43"", ""End"": ""13:44"", ""Volume"": ""/"", ""INT"": ""/"", ""DEC?"": ""/"", ""Note"": """"}"
2026-09-18,Baseline,54,OBS-21,PO,"Prepare, amend or release a purchase order",P,Ordering,P,INCLUDE,VALID,1,1,Exact recorded interval,13:44,13:45,27L,/,/,,,17,Mapped / P,PO preparation probably continues between this order's documented steps. An unchanged line count does not establish a fresh MAX search or decision.,PO preparation continues between this case's documented order-processing/clarification steps. Task 17 is probable; the unchanged 27L does not establish a new MAX search or decision.,,Arno,live_family,,,,1 / 1,54: OBS-21; 13:44 to 13:45,docs/measurement/Measure_Observation_2026-09-18.md,https://github.com/Luuuuuig/Bachelor-End-Project/blob/7ec78e840589c711c73055cf6215e3f90040ff8a/docs/measurement/Measure_Observation_2026-09-18.md,7ec78e840589c711c73055cf6215e3f90040ff8a,2026-09-21,| OBS-21 | PO | 13:44 | 13:45 | 27L | / | / | |,"{""Case"": ""OBS-21"", ""Activity"": ""PO"", ""Start"": ""13:44"", ""End"": ""13:45"", ""Volume"": ""27L"", ""INT"": ""/"", ""DEC?"": ""/"", ""Note"": """"}"
2026-09-18,Baseline,55,OBS-21,CLAR,Receive and complete a defined purchasing request,P,Ordering,C,INCLUDE,VALID,2,2,Exact recorded interval,13:45,13:47,27L,/,/,Check information for the items and write it down for later; waiting for fiatteren.,,4,Mapped / P,"Checking item information and writing it down for the order provisionally complete information for defined demand. Waiting for fiatteren is context; no observed waiting interval, routing action or finished-order pre-check is inferred.","Checking item information and writing it down for this order provisionally maps to validation. Waiting for fiatteren is context, not evidence of a separately measured inactive interval or an approval-routing action; no waiting minutes are invented.",,Arno,live_family,,,,2 / 2,55: OBS-21; 13:45 to 13:47,docs/measurement/Measure_Observation_2026-09-18.md,https://github.com/Luuuuuig/Bachelor-End-Project/blob/7ec78e840589c711c73055cf6215e3f90040ff8a/docs/measurement/Measure_Observation_2026-09-18.md,7ec78e840589c711c73055cf6215e3f90040ff8a,2026-09-21,| OBS-21 | CLAR | 13:45 | 13:47 | 27L | / | / | Check information for the items and write it down for later; waiting for fiatteren. |,"{""Case"": ""OBS-21"", ""Activity"": ""CLAR"", ""Start"": ""13:45"", ""End"": ""13:47"", ""Volume"": ""27L"", ""INT"": ""/"", ""DEC?"": ""/"", ""Note"": ""Check information for the items and write it down for later; waiting for fiatteren.""}"
2026-09-18,Baseline,56,OBS-21,PO,Combined activities,P,Ordering,C,INCLUDE,VALID,4,4,Exact recorded interval,13:47,13:51,29L,/,/,Another two lines added.,"Assess demand, consolidate and decide order timing; Prepare, amend or release a purchase order",9;17,Mapped / P,"Another two lines are added within the documented MAX/PO case, supporting probable demand consolidation combined with PO preparation. No fresh search or order-timing decision is asserted, and four minutes remain one interval.",Another two lines are added within the documented MAX/PO case. Task 9 coverage is probable from that case context; the combined order-preparation interval is counted once and no new search or decision time is inferred.,,Arno,live_family,,,,4 / 4,56: OBS-21; 13:47 to 13:51,docs/measurement/Measure_Observation_2026-09-18.md,https://github.com/Luuuuuig/Bachelor-End-Project/blob/7ec78e840589c711c73055cf6215e3f90040ff8a/docs/measurement/Measure_Observation_2026-09-18.md,7ec78e840589c711c73055cf6215e3f90040ff8a,2026-09-21,| OBS-21 | PO | 13:47 | 13:51 | 29L | / | / | Another two lines added. |,"{""Case"": ""OBS-21"", ""Activity"": ""PO"", ""Start"": ""13:47"", ""End"": ""13:51"", ""Volume"": ""29L"", ""INT"": ""/"", ""DEC?"": ""/"", ""Note"": ""Another two lines added.""}"
2026-09-18,Baseline,57,OBS-22,REQ-exact,Receive and complete a defined purchasing request,P,Ordering,P,INCLUDE,VALID,,,Untimed,/,/,/,/,/,,,1,Mapped / P,The Exact intake belongs to subsequent specified PO/MAX work and is probable defined-request intake. It remains untimed.,Exact intake belongs to the ensuing specified PO/MAX work. Task 1 is probable and the occurrence remains untimed.,,Arno,live_family,,,,n/a / n/a,57: OBS-22; untimed,docs/measurement/Measure_Observation_2026-09-18.md,https://github.com/Luuuuuig/Bachelor-End-Project/blob/7ec78e840589c711c73055cf6215e3f90040ff8a/docs/measurement/Measure_Observation_2026-09-18.md,7ec78e840589c711c73055cf6215e3f90040ff8a,2026-09-21,| OBS-22 | REQ-exact | / | / | / | / | / | |,"{""Case"": ""OBS-22"", ""Activity"": ""REQ-exact"", ""Start"": ""/"", ""End"": ""/"", ""Volume"": ""/"", ""INT"": ""/"", ""DEC?"": ""/"", ""Note"": """"}"
2026-09-18,Baseline,58,OBS-22,PO,Combined activities,P,Ordering,C,INCLUDE,VALID,1,1,Exact recorded interval,13:51,13:52,6L,/,/,Three original lines and three added; maximisatie.,"Assess demand, consolidate and decide order timing; Prepare, amend or release a purchase order",7;9;17,Mapped / P,MAX and adding three lines to three original lines occur within one PO-preparation episode. Keep consolidation and PO preparation as a combined activity; no post-MAX outcome or division of the minute is invented.,Maximisatie and adding three lines to three original lines are explicit in a single PO episode. The register's same-supplier search/consolidation coverage is probable; no post-MAX outcome or task-duration split is reconstructed.,,Arno,live_family,,,,1 / 1,58: OBS-22; 13:51 to 13:52,docs/measurement/Measure_Observation_2026-09-18.md,https://github.com/Luuuuuig/Bachelor-End-Project/blob/7ec78e840589c711c73055cf6215e3f90040ff8a/docs/measurement/Measure_Observation_2026-09-18.md,7ec78e840589c711c73055cf6215e3f90040ff8a,2026-09-21,| OBS-22 | PO | 13:51 | 13:52 | 6L | / | / | Three original lines and three added; maximisatie. |,"{""Case"": ""OBS-22"", ""Activity"": ""PO"", ""Start"": ""13:51"", ""End"": ""13:52"", ""Volume"": ""6L"", ""INT"": ""/"", ""DEC?"": ""/"", ""Note"": ""Three original lines and three added; maximisatie.""}"
2026-09-18,Baseline,59,OBS-22,SEND,Unresolved activity,?,Ordering,P,INCLUDE,VALID,2,2,Exact recorded interval,13:56,13:58,/,/,/,,,23,Mapped / P,"A SEND episode follows same-case order work, but the document, recipient and purpose are unrecorded. Prior stage/scope judgments remain visible; they do not establish supplier-PO sending. Apply the same evidence threshold as other blank SEND rows.","SEND follows this case's PO preparation and is probably order forwarding. Recipient/content are unspecified, so Task 23 remains provisional; preserve its original row position despite later clock time.",,Arno,live_family,,,,2 / 2,59: OBS-22; 13:56 to 13:58,docs/measurement/Measure_Observation_2026-09-18.md,https://github.com/Luuuuuig/Bachelor-End-Project/blob/7ec78e840589c711c73055cf6215e3f90040ff8a/docs/measurement/Measure_Observation_2026-09-18.md,7ec78e840589c711c73055cf6215e3f90040ff8a,2026-09-21,| OBS-22 | SEND | 13:56 | 13:58 | / | / | / | |,"{""Case"": ""OBS-22"", ""Activity"": ""SEND"", ""Start"": ""13:56"", ""End"": ""13:58"", ""Volume"": ""/"", ""INT"": ""/"", ""DEC?"": ""/"", ""Note"": """"}"
2026-09-18,Baseline,60,OBS-23,REQ-exact,Receive and complete a defined purchasing request,P,Ordering,P,INCLUDE,VALID,,,Untimed,/,/,/,/,/,,,1,Mapped / P,The Exact intake precedes the defined PO/MAX attempt and probably receives defined demand. No duration or MAX outcome is added.,Exact intake precedes this case's documented PO/MAX attempt. Defined-demand intake is probable; no duration recorded.,,Arno,live_family,,,,n/a / n/a,60: OBS-23; untimed,docs/measurement/Measure_Observation_2026-09-18.md,https://github.com/Luuuuuig/Bachelor-End-Project/blob/7ec78e840589c711c73055cf6215e3f90040ff8a/docs/measurement/Measure_Observation_2026-09-18.md,7ec78e840589c711c73055cf6215e3f90040ff8a,2026-09-21,| OBS-23 | REQ-exact | / | / | / | / | / | |,"{""Case"": ""OBS-23"", ""Activity"": ""REQ-exact"", ""Start"": ""/"", ""End"": ""/"", ""Volume"": ""/"", ""INT"": ""/"", ""DEC?"": ""/"", ""Note"": """"}"
2026-09-18,Baseline,61,OBS-23,PO,Combined activities,P,Ordering,C,INCLUDE,VALID,1,1,Exact recorded interval,13:52,13:53,1L,/,/,"Attempted maximisatie of the PO, without success.","Assess demand, consolidate and decide order timing; Prepare, amend or release a purchase order",7;17,Mapped / P,"An unsuccessful MAX attempt is documented during PO preparation, supporting the grouped demand/MAX activity and PO preparation together. Failure does not establish MAX=NONE, HOLD or separately timed assessment steps.","An unsuccessful maximisatie attempt during PO work supports probable MAX-search/order-preparation coverage. It does not establish MAX=NONE, a HOLD outcome, Tasks 8-11 or a separately timed decision.",,Arno,live_family,,,,1 / 1,61: OBS-23; 13:52 to 13:53,docs/measurement/Measure_Observation_2026-09-18.md,https://github.com/Luuuuuig/Bachelor-End-Project/blob/7ec78e840589c711c73055cf6215e3f90040ff8a/docs/measurement/Measure_Observation_2026-09-18.md,7ec78e840589c711c73055cf6215e3f90040ff8a,2026-09-21,"| OBS-23 | PO | 13:52 | 13:53 | 1L | / | / | Attempted maximisatie of the PO, without success. |","{""Case"": ""OBS-23"", ""Activity"": ""PO"", ""Start"": ""13:52"", ""End"": ""13:53"", ""Volume"": ""1L"", ""INT"": ""/"", ""DEC?"": ""/"", ""Note"": ""Attempted maximisatie of the PO, without success.""}"
2026-09-18,Baseline,62,OBS-23,SEND,Unresolved activity,?,Ordering,P,INCLUDE,VALID,1,1,Exact recorded interval,13:59,14:00,/,/,/,,,23,Mapped / P,"A SEND episode follows same-case order work, but the document, recipient and purpose are unrecorded. Prior stage/scope judgments remain visible; they do not establish supplier-PO sending. Apply the same evidence threshold as other blank SEND rows.",The SEND row follows this case's PO/MAX attempt; supplier-order communication is probable but not explicit. No inference of HOLD/proceed outcome is needed for the preserved occurrence.,,Arno,live_family,,,,1 / 1,62: OBS-23; 13:59 to 14:00,docs/measurement/Measure_Observation_2026-09-18.md,https://github.com/Luuuuuig/Bachelor-End-Project/blob/7ec78e840589c711c73055cf6215e3f90040ff8a/docs/measurement/Measure_Observation_2026-09-18.md,7ec78e840589c711c73055cf6215e3f90040ff8a,2026-09-21,| OBS-23 | SEND | 13:59 | 14:00 | / | / | / | |,"{""Case"": ""OBS-23"", ""Activity"": ""SEND"", ""Start"": ""13:59"", ""End"": ""14:00"", ""Volume"": ""/"", ""INT"": ""/"", ""DEC?"": ""/"", ""Note"": """"}"
2026-09-18,Baseline,63,OBS-24,REQ-exact,Receive and complete a defined purchasing request,P,Ordering,P,INCLUDE,VALID,,,Untimed,[crossed out],/,/,/,/,,,1,Mapped / P,The Exact intake belongs to the subsequent defined PO/MAX attempt. The crossed-out start remains without an inferred duration.,Exact intake belongs to the following documented PO/MAX attempt. The crossed-out start is preserved and supplies no duration; Task 1 is provisional.,,Arno,live_family,,,,n/a / n/a,63: OBS-24; untimed,docs/measurement/Measure_Observation_2026-09-18.md,https://github.com/Luuuuuig/Bachelor-End-Project/blob/7ec78e840589c711c73055cf6215e3f90040ff8a/docs/measurement/Measure_Observation_2026-09-18.md,7ec78e840589c711c73055cf6215e3f90040ff8a,2026-09-21,| OBS-24 | REQ-exact | [crossed out] | / | / | / | / | |,"{""Case"": ""OBS-24"", ""Activity"": ""REQ-exact"", ""Start"": ""[crossed out]"", ""End"": ""/"", ""Volume"": ""/"", ""INT"": ""/"", ""DEC?"": ""/"", ""Note"": """"}"
2026-09-18,Baseline,64,OBS-24,PO,Combined activities,P,Ordering,C,INCLUDE,VALID,2,2,Exact recorded interval,13:54,13:56,4L,/,/,"Attempted maximisatie of the PO, without success.","Assess demand, consolidate and decide order timing; Prepare, amend or release a purchase order",7;17,Mapped / P,"An unsuccessful MAX attempt occurs during PO preparation. Keep the grouped MAX work and PO preparation combined, without inferring the failure reason, ADD/NONE result, HOLD/proceed decision or time split.","An unsuccessful maximisatie attempt is documented during PO preparation. Retain combined time and do not infer the reason, exact MAX result, HOLD/proceed outcome or Tasks 8-11.",,Arno,live_family,,,,2 / 2,64: OBS-24; 13:54 to 13:56,docs/measurement/Measure_Observation_2026-09-18.md,https://github.com/Luuuuuig/Bachelor-End-Project/blob/7ec78e840589c711c73055cf6215e3f90040ff8a/docs/measurement/Measure_Observation_2026-09-18.md,7ec78e840589c711c73055cf6215e3f90040ff8a,2026-09-21,"| OBS-24 | PO | 13:54 | 13:56 | 4L | / | / | Attempted maximisatie of the PO, without success. |","{""Case"": ""OBS-24"", ""Activity"": ""PO"", ""Start"": ""13:54"", ""End"": ""13:56"", ""Volume"": ""4L"", ""INT"": ""/"", ""DEC?"": ""/"", ""Note"": ""Attempted maximisatie of the PO, without success.""}"
2026-09-18,Baseline,65,OBS-25,EXC,Unresolved activity,?,Unresolved stage,?,EXCLUDE_EXC,VALID,,1,Exact recorded interval,14:00,14:01,/,/,/,,,unassigned,Unresolved / ?,Only the EXC family and one-minute interval are recorded; neither establishes an activity subtype.,Only the EXC family and one-minute interval are recorded. Apply the explicit EXC exclusion without inventing a task or purchasing stage.,,Arno,live_family,,,,1 / n/a,65: OBS-25; 14:00 to 14:01,docs/measurement/Measure_Observation_2026-09-18.md,https://github.com/Luuuuuig/Bachelor-End-Project/blob/7ec78e840589c711c73055cf6215e3f90040ff8a/docs/measurement/Measure_Observation_2026-09-18.md,7ec78e840589c711c73055cf6215e3f90040ff8a,2026-09-21,| OBS-25 | EXC | 14:00 | 14:01 | / | / | / | |,"{""Case"": ""OBS-25"", ""Activity"": ""EXC"", ""Start"": ""14:00"", ""End"": ""14:01"", ""Volume"": ""/"", ""INT"": ""/"", ""DEC?"": ""/"", ""Note"": """"}"
2026-09-18,Baseline,66,OBS-21,CHECK,Check and correct an order before release,C,Ordering,C,INCLUDE,VALID,20,20,Exact recorded interval,14:02,14:22,29L,/,/,Pre-check; one mismatch was difficult to explain. The note names Kirby.,,unassigned,Unresolved / ?,"A pre-release/pre-order check with one mismatch is explicit. The checked field is unknown, so this category means checking only; no price comparison, correction or twenty-minute decision is asserted.","Explicit pre-check with one mismatch belongs to order preparation. The source does not name the checked price/field, so neither Task 15 nor Task 26 is imputed. Twenty recorded minutes remain one episode.",,Arno,live_family,,,,20 / 20,66: OBS-21; 14:02 to 14:22,docs/measurement/Measure_Observation_2026-09-18.md,https://github.com/Luuuuuig/Bachelor-End-Project/blob/7ec78e840589c711c73055cf6215e3f90040ff8a/docs/measurement/Measure_Observation_2026-09-18.md,7ec78e840589c711c73055cf6215e3f90040ff8a,2026-09-21,| OBS-21 | CHECK | 14:02 | 14:22 | 29L | / | / | Pre-check; one mismatch was difficult to explain. The note names Kirby. |,"{""Case"": ""OBS-21"", ""Activity"": ""CHECK"", ""Start"": ""14:02"", ""End"": ""14:22"", ""Volume"": ""29L"", ""INT"": ""/"", ""DEC?"": ""/"", ""Note"": ""Pre-check; one mismatch was difficult to explain. The note names Kirby.""}"
2026-09-18,Baseline,67,OBS-21,OTHER,Unresolved activity,?,Ordering,C,INCLUDE,VALID,,,Untimed,/,/,/,/,/,Johan's approval was needed again.,,unassigned,Unresolved / ?,"Further approval is required, but no buyer authorization check, routing, order continuation or release action is established. Preserve the untimed requirement as context rather than inventing activity.","Need for Johan's approval again is an ordering-control occurrence. Actual routing, authorization-limit checking and Johan's approval action are not separately established, so no Task 18/20/21 or duration is invented.",,Arno,live_family,,,,n/a / n/a,67: OBS-21; untimed,docs/measurement/Measure_Observation_2026-09-18.md,https://github.com/Luuuuuig/Bachelor-End-Project/blob/7ec78e840589c711c73055cf6215e3f90040ff8a/docs/measurement/Measure_Observation_2026-09-18.md,7ec78e840589c711c73055cf6215e3f90040ff8a,2026-09-21,| OBS-21 | OTHER | / | / | / | / | / | Johan's approval was needed again. |,"{""Case"": ""OBS-21"", ""Activity"": ""OTHER"", ""Start"": ""/"", ""End"": ""/"", ""Volume"": ""/"", ""INT"": ""/"", ""DEC?"": ""/"", ""Note"": ""Johan's approval was needed again.""}"
2026-09-18,Baseline,68,OBS-26,EXC,Unresolved activity,?,Unresolved stage,?,EXCLUDE_EXC,VALID,,3,Exact recorded interval,14:23,14:26,/,/,/,Missing certificate.,,unassigned,U / C,"A missing-certificate issue is investigated, but its transaction position and relevant purchasing purpose are unknown. Do not equate a certificate with a supplier confirmation or infer a received-item discrepancy.","Missing-certificate investigation is explicit EXC aftercare. The delivery/transaction position is not established, so no automatic VW6 or confirmation-archiving task is assigned.",,Arno,live_family,,,,3 / n/a,68: OBS-26; 14:23 to 14:26,docs/measurement/Measure_Observation_2026-09-18.md,https://github.com/Luuuuuig/Bachelor-End-Project/blob/7ec78e840589c711c73055cf6215e3f90040ff8a/docs/measurement/Measure_Observation_2026-09-18.md,7ec78e840589c711c73055cf6215e3f90040ff8a,2026-09-21,| OBS-26 | EXC | 14:23 | 14:26 | / | / | / | Missing certificate. |,"{""Case"": ""OBS-26"", ""Activity"": ""EXC"", ""Start"": ""14:23"", ""End"": ""14:26"", ""Volume"": ""/"", ""INT"": ""/"", ""DEC?"": ""/"", ""Note"": ""Missing certificate.""}"
2026-09-18,Baseline,69,OBS-26,EXC,Unresolved activity,?,Unresolved stage,?,EXCLUDE_EXC,VALID,,8,Exact recorded interval,14:26,14:34,/,/,/,Forward and explain the issue to the project manager; call the supplier.,,unassigned,U / C,"The buyer explains the certificate issue to a project manager and contacts the supplier. The mixed communication has an unresolved transaction purpose, so no single stage-specific activity or artificial time division is assigned.",Explaining the certificate issue to the project manager and contacting the supplier remain excluded EXC. The purchasing stage is unresolved; no multi-task or stage split is supported.,,Arno,live_family,,,,8 / n/a,69: OBS-26; 14:26 to 14:34,docs/measurement/Measure_Observation_2026-09-18.md,https://github.com/Luuuuuig/Bachelor-End-Project/blob/7ec78e840589c711c73055cf6215e3f90040ff8a/docs/measurement/Measure_Observation_2026-09-18.md,7ec78e840589c711c73055cf6215e3f90040ff8a,2026-09-21,| OBS-26 | EXC | 14:26 | 14:34 | / | / | / | Forward and explain the issue to the project manager; call the supplier. |,"{""Case"": ""OBS-26"", ""Activity"": ""EXC"", ""Start"": ""14:26"", ""End"": ""14:34"", ""Volume"": ""/"", ""INT"": ""/"", ""DEC?"": ""/"", ""Note"": ""Forward and explain the issue to the project manager; call the supplier.""}"
2026-09-18,Baseline,70,OBS-27,REQ-phone,Follow up order status or delivery commitments,P,Monitoring,P,EXCLUDE_AFTERCARE,VALID,,,Untimed,/,/,/,/,/,,,unassigned,U / P,"The phone intake is linked to the documented backorder enquiry, provisionally supporting order-status follow-up. It is not a new purchasing request and has no recorded duration.",Phone intake is linked to the immediately following documented backorder enquiry. It is aftercare intake rather than a new purchasing need; no duration recorded.,,Arno,live_family,,,,n/a / n/a,70: OBS-27; untimed,docs/measurement/Measure_Observation_2026-09-18.md,https://github.com/Luuuuuig/Bachelor-End-Project/blob/7ec78e840589c711c73055cf6215e3f90040ff8a/docs/measurement/Measure_Observation_2026-09-18.md,7ec78e840589c711c73055cf6215e3f90040ff8a,2026-09-21,| OBS-27 | REQ-phone | / | / | / | / | / | |,"{""Case"": ""OBS-27"", ""Activity"": ""REQ-phone"", ""Start"": ""/"", ""End"": ""/"", ""Volume"": ""/"", ""INT"": ""/"", ""DEC?"": ""/"", ""Note"": """"}"
2026-09-18,Baseline,71,OBS-27,EXC,Follow up order status or delivery commitments,P,Monitoring,P,EXCLUDE_EXC,VALID,,3,Exact recorded interval,14:36,14:39,/,/,/,Backorder; the note gives 23 September 2026.,,unassigned,U / P,"The backorder note provisionally supports order-status/delivery follow-up. The recorded future date is context, not proof of delivery.","Backorder follow-up is monitoring/aftercare, provisionally interpreted from the short note. The 23 September date is retained as context, not proof of actual delivery.",,Arno,live_family,,,,3 / n/a,71: OBS-27; 14:36 to 14:39,docs/measurement/Measure_Observation_2026-09-18.md,https://github.com/Luuuuuig/Bachelor-End-Project/blob/7ec78e840589c711c73055cf6215e3f90040ff8a/docs/measurement/Measure_Observation_2026-09-18.md,7ec78e840589c711c73055cf6215e3f90040ff8a,2026-09-21,| OBS-27 | EXC | 14:36 | 14:39 | / | / | / | Backorder; the note gives 23 September 2026. |,"{""Case"": ""OBS-27"", ""Activity"": ""EXC"", ""Start"": ""14:36"", ""End"": ""14:39"", ""Volume"": ""/"", ""INT"": ""/"", ""DEC?"": ""/"", ""Note"": ""Backorder; the note gives 23 September 2026.""}"
2026-09-18,Baseline,72,OBS-28,CLAR,Retrieve purchasing information with unresolved purpose,C,Unresolved stage,?,INCLUDE,VALID,3,3,Exact recorded interval,14:41,14:44,/,/,/,Look for the relevant quotation.,,unassigned,U / P,"Retrieving the relevant quotation is explicit. Its intended purchasing decision and stage remain unresolved; retrieval alone does not establish supplier selection, negotiation or order preparation.","Retrieval of a relevant quotation is explicit purchasing-information work, but the transaction purpose is not. Do not infer supplier selection, contracting, order preparation, historical-PO searching or Task 15 solely from quotation retrieval.",,Arno,live_family,,,,3 / 3,72: OBS-28; 14:41 to 14:44,docs/measurement/Measure_Observation_2026-09-18.md,https://github.com/Luuuuuig/Bachelor-End-Project/blob/7ec78e840589c711c73055cf6215e3f90040ff8a/docs/measurement/Measure_Observation_2026-09-18.md,7ec78e840589c711c73055cf6215e3f90040ff8a,2026-09-21,| OBS-28 | CLAR | 14:41 | 14:44 | / | / | / | Look for the relevant quotation. |,"{""Case"": ""OBS-28"", ""Activity"": ""CLAR"", ""Start"": ""14:41"", ""End"": ""14:44"", ""Volume"": ""/"", ""INT"": ""/"", ""DEC?"": ""/"", ""Note"": ""Look for the relevant quotation.""}"
2026-09-18,Baseline,73,OBS-29,CHECK,Unresolved activity,?,Unresolved stage,?,INCLUDE,VALID,6,6,Exact recorded interval,14:44,14:50,/,/,1,Large price difference; see case note below.,,unassigned,Unresolved / ?,"The buyer checks quantity-related purchase-price differences and purchase versus sales price, but the comparison sources and control point are unknown. Keep the pricing subtype explicit without forcing pre-release, confirmation or invoice-discrepancy work.","Checking quantity-related purchase-price differences and the purchase/sales-price relationship is described, but the compared price sources and transaction stage are not. No Task 15/26 or Finance-return task is imposed; assess this eligible CHECK independently of the following EXC screenshot work. Retain the decision flag without duplicating decision time.",,Arno,live_family,,,,6 / 6,73: OBS-29; 14:44 to 14:50,docs/measurement/Measure_Observation_2026-09-18.md,https://github.com/Luuuuuig/Bachelor-End-Project/blob/7ec78e840589c711c73055cf6215e3f90040ff8a/docs/measurement/Measure_Observation_2026-09-18.md,7ec78e840589c711c73055cf6215e3f90040ff8a,2026-09-21,| OBS-29 | CHECK | 14:44 | 14:50 | / | / | 1 | Large price difference; see case note below. |,"{""Case"": ""OBS-29"", ""Activity"": ""CHECK"", ""Start"": ""14:44"", ""End"": ""14:50"", ""Volume"": ""/"", ""INT"": ""/"", ""DEC?"": ""1"", ""Note"": ""Large price difference; see case note below.""}"
2026-09-18,Baseline,74,OBS-29,EXC,Unresolved activity,?,Unresolved stage,?,EXCLUDE_EXC,VALID,,5,Exact recorded interval,14:50,14:55,/,/,/,Make screenshots of the €410 price difference and save them for the following week.,,unassigned,U / C,"Taking and saving screenshots documents a price difference, but its purchasing-stage purpose is unknown. This is not demonstrated master-data maintenance, confirmation archiving or a separately measured price check.",Screenshot documentation of the price difference is explicitly EXC and remains excluded. The 410-euro comparison basis and transaction stage are unspecified; do not assign Task 28 or allocate the minutes to a presumed price check.,,Arno,live_family,,,,5 / n/a,74: OBS-29; 14:50 to 14:55,docs/measurement/Measure_Observation_2026-09-18.md,https://github.com/Luuuuuig/Bachelor-End-Project/blob/7ec78e840589c711c73055cf6215e3f90040ff8a/docs/measurement/Measure_Observation_2026-09-18.md,7ec78e840589c711c73055cf6215e3f90040ff8a,2026-09-21,| OBS-29 | EXC | 14:50 | 14:55 | / | / | / | Make screenshots of the €410 price difference and save them for the following week. |,"{""Case"": ""OBS-29"", ""Activity"": ""EXC"", ""Start"": ""14:50"", ""End"": ""14:55"", ""Volume"": ""/"", ""INT"": ""/"", ""DEC?"": ""/"", ""Note"": ""Make screenshots of the €410 price difference and save them for the following week.""}"
